Latitude,Longitude,Gravity_anomaly
77.2083,16.3006,-34.8
77.225,16.3006,-35
77.2417,16.3006,-35.4
77.2583,16.3006,-36.1
77.275,16.3006,-36.9
77.2917,16.3006,-37.9
77.3083,16.3006,-38.8
77.325,16.3006,-39.7
77.3417,16.3006,-40.3
77.3583,16.3006,-40.7
77.375,16.3006,-40.9
77.3917,16.3006,-40.8
77.4083,16.3006,-40.7
77.425,16.3006,-40.6
77.4417,16.3006,-40.7
77.4583,16.3006,-40.8
77.475,16.3006,-41.2
77.4917,16.3006,-41.5
77.5083,16.3006,-41.9
77.525,16.3006,-42.1
77.5417,16.3006,-42.1
77.5583,16.3006,-41.9
77.575,16.3006,-41.4
77.5917,16.3006,-40.9
77.6083,16.3006,-40.4
77.625,16.3006,-39.9
77.6417,16.3006,-39.6
77.6583,16.3006,-39.5
77.675,16.3006,-39.6
77.6917,16.3006,-39.7
77.7083,16.3006,-39.9
77.725,16.3006,-40.2
77.7417,16.3006,-40.4
77.7583,16.3006,-40.6
77.775,16.3006,-40.9
77.7917,16.3006,-41.2
77.8083,16.3006,-41.6
77.825,16.3006,-42.1
77.8417,16.3006,-42.6
77.8583,16.3006,-42.9
77.875,16.3006,-43.1
77.8917,16.3006,-43
77.9083,16.3006,-42.5
77.925,16.3006,-41.6
77.9417,16.3006,-40.5
77.9583,16.3006,-39.1
77.975,16.3006,-37.6
77.9917,16.3006,-36
78.0083,16.3006,-34.5
78.025,16.3006,-33
78.0417,16.3006,-31.7
78.0583,16.3006,-30.4
78.075,16.3006,-29.3
78.0917,16.3006,-28.4
78.1083,16.3006,-27.6
78.125,16.3006,-26.9
78.1417,16.3006,-26.5
78.1583,16.3006,-26.3
78.175,16.3006,-26.2
78.1917,16.3006,-26.2
78.2083,16.3006,-26.3
78.225,16.3006,-26.4
78.2417,16.3006,-26.6
78.2583,16.3006,-26.6
78.275,16.3006,-26.6
78.2917,16.3006,-26.6
78.3083,16.3006,-26.6
78.325,16.3006,-26.6
78.3417,16.3006,-26.5
78.3583,16.3006,-26.3
78.375,16.3006,-26.1
78.3917,16.3006,-25.7
78.4083,16.3006,-25.2
78.425,16.3006,-24.7
78.4417,16.3006,-24.3
78.4583,16.3006,-24.1
78.475,16.3006,-24.3
78.4917,16.3006,-24.8
78.5083,16.3006,-25.6
78.525,16.3006,-26.6
78.5417,16.3006,-27.6
78.5583,16.3006,-28.1
78.575,16.3006,-27.9
78.5917,16.3006,-26.8
78.6083,16.3006,-24.6
78.625,16.3006,-21.3
78.6417,16.3006,-17.2
78.6583,16.3006,-12.6
78.675,16.3006,-7.8
78.6917,16.3006,-3.5
78.7083,16.3006,0.2
78.725,16.3006,2.9
78.7417,16.3006,4.5
78.7583,16.3006,4.9
78.775,16.3006,4.3
78.7917,16.3006,2.9
78.8083,16.3006,0.8
78.825,16.3006,-1.6
78.8417,16.3006,-4.4
78.8583,16.3006,-7.4
78.875,16.3006,-10.5
78.8917,16.3006,-13.6
78.9083,16.3006,-16.9
78.925,16.3006,-20.1
78.9417,16.3006,-23.2
78.9583,16.3006,-26.2
78.975,16.3006,-29
78.9917,16.3006,-31.5
79.0083,16.3006,-33.8
79.025,16.3006,-35.8
79.0417,16.3006,-37.7
79.0583,16.3006,-39.5
79.075,16.3006,-41.5
79.0917,16.3006,-43.5
79.1083,16.3006,-45.7
79.125,16.3006,-48.1
79.1417,16.3006,-50.5
79.1583,16.3006,-52.9
79.175,16.3006,-55.1
79.1917,16.3006,-57.1
79.2083,16.3006,-58.7
79.225,16.3006,-59.9
79.2417,16.3006,-60.6
79.2583,16.3006,-60.9
79.275,16.3006,-60.8
79.2917,16.3006,-60.3
79.3083,16.3006,-59.5
79.325,16.3006,-58.2
79.3417,16.3006,-56.7
79.3583,16.3006,-54.8
79.375,16.3006,-52.8
79.3917,16.3006,-50.8
79.4083,16.3006,-48.8
79.425,16.3006,-47.1
79.4417,16.3006,-45.7
79.4583,16.3006,-44.8
79.475,16.3006,-44.4
79.4917,16.3006,-44.5
79.5083,16.3006,-45
79.525,16.3006,-45.7
79.5417,16.3006,-46.5
79.5583,16.3006,-47.2
79.575,16.3006,-47.7
79.5917,16.3006,-47.9
79.6083,16.3006,-47.9
79.625,16.3006,-47.7
79.6417,16.3006,-47.5
79.6583,16.3006,-47.4
79.675,16.3006,-47.5
79.6917,16.3006,-47.9
79.7083,16.3006,-48.6
79.725,16.3006,-49.5
79.7417,16.3006,-50.6
79.7583,16.3006,-51.8
79.775,16.3006,-52.8
79.7917,16.3006,-53.7
79.8083,16.3006,-54.4
79.825,16.3006,-54.9
79.8417,16.3006,-55.2
79.8583,16.3006,-55.3
79.875,16.3006,-55.3
79.8917,16.3006,-55.1
79.9083,16.3006,-54.7
79.925,16.3006,-54
79.9417,16.3006,-53.1
79.9583,16.3006,-51.7
79.975,16.3006,-50.1
79.9917,16.3006,-48.3
80.0083,16.3006,-46.3
77.2083,16.2846,-34.2
77.225,16.2846,-34.4
77.2417,16.2846,-34.7
77.2583,16.2846,-35.3
77.275,16.2846,-36.1
77.2917,16.2846,-36.9
77.3083,16.2846,-37.7
77.325,16.2846,-38.4
77.3417,16.2846,-38.9
77.3583,16.2846,-39.2
77.375,16.2846,-39.3
77.3917,16.2846,-39.3
77.4083,16.2846,-39.3
77.425,16.2846,-39.3
77.4417,16.2846,-39.5
77.4583,16.2846,-39.9
77.475,16.2846,-40.3
77.4917,16.2846,-40.8
77.5083,16.2846,-41.2
77.525,16.2846,-41.3
77.5417,16.2846,-41.2
77.5583,16.2846,-40.9
77.575,16.2846,-40.3
77.5917,16.2846,-39.7
77.6083,16.2846,-39.2
77.625,16.2846,-38.8
77.6417,16.2846,-38.6
77.6583,16.2846,-38.7
77.675,16.2846,-38.9
77.6917,16.2846,-39.2
77.7083,16.2846,-39.6
77.725,16.2846,-40
77.7417,16.2846,-40.3
77.7583,16.2846,-40.6
77.775,16.2846,-40.9
77.7917,16.2846,-41.4
77.8083,16.2846,-41.9
77.825,16.2846,-42.5
77.8417,16.2846,-43.1
77.8583,16.2846,-43.6
77.875,16.2846,-43.9
77.8917,16.2846,-43.8
77.9083,16.2846,-43.5
77.925,16.2846,-42.7
77.9417,16.2846,-41.7
77.9583,16.2846,-40.4
77.975,16.2846,-39
77.9917,16.2846,-37.6
78.0083,16.2846,-36.1
78.025,16.2846,-34.8
78.0417,16.2846,-33.5
78.0583,16.2846,-32.3
78.075,16.2846,-31.2
78.0917,16.2846,-30.2
78.1083,16.2846,-29.3
78.125,16.2846,-28.7
78.1417,16.2846,-28.2
78.1583,16.2846,-28
78.175,16.2846,-28
78.1917,16.2846,-28.1
78.2083,16.2846,-28.3
78.225,16.2846,-28.6
78.2417,16.2846,-28.8
78.2583,16.2846,-28.9
78.275,16.2846,-28.9
78.2917,16.2846,-28.8
78.3083,16.2846,-28.7
78.325,16.2846,-28.5
78.3417,16.2846,-28.3
78.3583,16.2846,-28
78.375,16.2846,-27.7
78.3917,16.2846,-27.4
78.4083,16.2846,-27
78.425,16.2846,-26.6
78.4417,16.2846,-26.4
78.4583,16.2846,-26.3
78.475,16.2846,-26.4
78.4917,16.2846,-26.9
78.5083,16.2846,-27.5
78.525,16.2846,-28.1
78.5417,16.2846,-28.6
78.5583,16.2846,-28.5
78.575,16.2846,-27.6
78.5917,16.2846,-25.8
78.6083,16.2846,-22.8
78.625,16.2846,-19
78.6417,16.2846,-14.3
78.6583,16.2846,-9.4
78.675,16.2846,-4.4
78.6917,16.2846,0
78.7083,16.2846,3.5
78.725,16.2846,6
78.7417,16.2846,7.2
78.7583,16.2846,7.2
78.775,16.2846,6.2
78.7917,16.2846,4.4
78.8083,16.2846,2
78.825,16.2846,-0.8
78.8417,16.2846,-3.8
78.8583,16.2846,-6.8
78.875,16.2846,-10
78.8917,16.2846,-13.3
78.9083,16.2846,-16.6
78.925,16.2846,-19.9
78.9417,16.2846,-23.2
78.9583,16.2846,-26.5
78.975,16.2846,-29.6
78.9917,16.2846,-32.5
79.0083,16.2846,-35.3
79.025,16.2846,-37.8
79.0417,16.2846,-40.2
79.0583,16.2846,-42.5
79.075,16.2846,-44.7
79.0917,16.2846,-46.9
79.1083,16.2846,-49.1
79.125,16.2846,-51.2
79.1417,16.2846,-53.2
79.1583,16.2846,-55
79.175,16.2846,-56.5
79.1917,16.2846,-57.7
79.2083,16.2846,-58.6
79.225,16.2846,-59.1
79.2417,16.2846,-59.3
79.2583,16.2846,-59.2
79.275,16.2846,-58.7
79.2917,16.2846,-58
79.3083,16.2846,-57
79.325,16.2846,-55.7
79.3417,16.2846,-54.2
79.3583,16.2846,-52.4
79.375,16.2846,-50.6
79.3917,16.2846,-48.8
79.4083,16.2846,-47.1
79.425,16.2846,-45.7
79.4417,16.2846,-44.7
79.4583,16.2846,-44.2
79.475,16.2846,-44.3
79.4917,16.2846,-44.8
79.5083,16.2846,-45.7
79.525,16.2846,-46.7
79.5417,16.2846,-47.7
79.5583,16.2846,-48.5
79.575,16.2846,-49
79.5917,16.2846,-49.1
79.6083,16.2846,-48.9
79.625,16.2846,-48.5
79.6417,16.2846,-48.1
79.6583,16.2846,-47.8
79.675,16.2846,-47.8
79.6917,16.2846,-48.1
79.7083,16.2846,-48.8
79.725,16.2846,-49.8
79.7417,16.2846,-51
79.7583,16.2846,-52.3
79.775,16.2846,-53.5
79.7917,16.2846,-54.4
79.8083,16.2846,-55.1
79.825,16.2846,-55.6
79.8417,16.2846,-55.8
79.8583,16.2846,-55.8
79.875,16.2846,-55.6
79.8917,16.2846,-55.3
79.9083,16.2846,-54.7
79.925,16.2846,-53.9
79.9417,16.2846,-52.8
79.9583,16.2846,-51.4
79.975,16.2846,-49.6
79.9917,16.2846,-47.7
80.0083,16.2846,-45.6
77.2083,16.2686,-33.9
77.225,16.2686,-33.9
77.2417,16.2686,-34.2
77.2583,16.2686,-34.7
77.275,16.2686,-35.3
77.2917,16.2686,-36
77.3083,16.2686,-36.7
77.325,16.2686,-37.2
77.3417,16.2686,-37.6
77.3583,16.2686,-37.8
77.375,16.2686,-37.8
77.3917,16.2686,-37.8
77.4083,16.2686,-37.8
77.425,16.2686,-38
77.4417,16.2686,-38.3
77.4583,16.2686,-38.8
77.475,16.2686,-39.4
77.4917,16.2686,-39.8
77.5083,16.2686,-40.2
77.525,16.2686,-40.2
77.5417,16.2686,-40
77.5583,16.2686,-39.5
77.575,16.2686,-38.8
77.5917,16.2686,-38.2
77.6083,16.2686,-37.7
77.625,16.2686,-37.4
77.6417,16.2686,-37.4
77.6583,16.2686,-37.7
77.675,16.2686,-38.2
77.6917,16.2686,-38.8
77.7083,16.2686,-39.3
77.725,16.2686,-39.8
77.7417,16.2686,-40.3
77.7583,16.2686,-40.7
77.775,16.2686,-41.1
77.7917,16.2686,-41.7
77.8083,16.2686,-42.3
77.825,16.2686,-43
77.8417,16.2686,-43.7
77.8583,16.2686,-44.3
77.875,16.2686,-44.8
77.8917,16.2686,-44.8
77.9083,16.2686,-44.6
77.925,16.2686,-44
77.9417,16.2686,-43.1
77.9583,16.2686,-42
77.975,16.2686,-40.8
77.9917,16.2686,-39.6
78.0083,16.2686,-38.4
78.025,16.2686,-37.2
78.0417,16.2686,-36
78.0583,16.2686,-34.9
78.075,16.2686,-33.8
78.0917,16.2686,-32.8
78.1083,16.2686,-31.8
78.125,16.2686,-31.1
78.1417,16.2686,-30.5
78.1583,16.2686,-30.3
78.175,16.2686,-30.3
78.1917,16.2686,-30.4
78.2083,16.2686,-30.7
78.225,16.2686,-31
78.2417,16.2686,-31.2
78.2583,16.2686,-31.3
78.275,16.2686,-31.2
78.2917,16.2686,-31
78.3083,16.2686,-30.7
78.325,16.2686,-30.4
78.3417,16.2686,-30.1
78.3583,16.2686,-29.9
78.375,16.2686,-29.7
78.3917,16.2686,-29.5
78.4083,16.2686,-29.3
78.425,16.2686,-29.1
78.4417,16.2686,-28.9
78.4583,16.2686,-28.8
78.475,16.2686,-28.8
78.4917,16.2686,-28.8
78.5083,16.2686,-28.9
78.525,16.2686,-28.9
78.5417,16.2686,-28.5
78.5583,16.2686,-27.7
78.575,16.2686,-26
78.5917,16.2686,-23.5
78.6083,16.2686,-20.1
78.625,16.2686,-15.9
78.6417,16.2686,-11.1
78.6583,16.2686,-6.2
78.675,16.2686,-1.4
78.6917,16.2686,2.7
78.7083,16.2686,5.8
78.725,16.2686,7.8
78.7417,16.2686,8.6
78.7583,16.2686,8.2
78.775,16.2686,6.9
78.7917,16.2686,4.9
78.8083,16.2686,2.3
78.825,16.2686,-0.5
78.8417,16.2686,-3.5
78.8583,16.2686,-6.5
78.875,16.2686,-9.6
78.8917,16.2686,-12.8
78.9083,16.2686,-16
78.925,16.2686,-19.4
78.9417,16.2686,-22.8
78.9583,16.2686,-26.2
78.975,16.2686,-29.6
78.9917,16.2686,-32.9
79.0083,16.2686,-36.1
79.025,16.2686,-39.2
79.0417,16.2686,-42.1
79.0583,16.2686,-44.8
79.075,16.2686,-47.4
79.0917,16.2686,-49.8
79.1083,16.2686,-51.9
79.125,16.2686,-53.9
79.1417,16.2686,-55.5
79.1583,16.2686,-56.8
79.175,16.2686,-57.7
79.1917,16.2686,-58.2
79.2083,16.2686,-58.4
79.225,16.2686,-58.3
79.2417,16.2686,-57.9
79.2583,16.2686,-57.4
79.275,16.2686,-56.6
79.2917,16.2686,-55.8
79.3083,16.2686,-54.7
79.325,16.2686,-53.5
79.3417,16.2686,-52.1
79.3583,16.2686,-50.7
79.375,16.2686,-49.1
79.3917,16.2686,-47.7
79.4083,16.2686,-46.4
79.425,16.2686,-45.5
79.4417,16.2686,-44.9
79.4583,16.2686,-44.9
79.475,16.2686,-45.4
79.4917,16.2686,-46.3
79.5083,16.2686,-47.4
79.525,16.2686,-48.6
79.5417,16.2686,-49.6
79.5583,16.2686,-50.3
79.575,16.2686,-50.7
79.5917,16.2686,-50.6
79.6083,16.2686,-50.1
79.625,16.2686,-49.4
79.6417,16.2686,-48.8
79.6583,16.2686,-48.3
79.675,16.2686,-48.2
79.6917,16.2686,-48.5
79.7083,16.2686,-49.2
79.725,16.2686,-50.3
79.7417,16.2686,-51.6
79.7583,16.2686,-53
79.775,16.2686,-54.2
79.7917,16.2686,-55.1
79.8083,16.2686,-55.8
79.825,16.2686,-56.1
79.8417,16.2686,-56.2
79.8583,16.2686,-56
79.875,16.2686,-55.7
79.8917,16.2686,-55.1
79.9083,16.2686,-54.4
79.925,16.2686,-53.4
79.9417,16.2686,-52.1
79.9583,16.2686,-50.6
79.975,16.2686,-48.7
79.9917,16.2686,-46.7
80.0083,16.2686,-44.7
77.2083,16.2526,-33.7
77.225,16.2526,-33.7
77.2417,16.2526,-33.9
77.2583,16.2526,-34.2
77.275,16.2526,-34.7
77.2917,16.2526,-35.3
77.3083,16.2526,-35.7
77.325,16.2526,-36.1
77.3417,16.2526,-36.3
77.3583,16.2526,-36.4
77.375,16.2526,-36.4
77.3917,16.2526,-36.4
77.4083,16.2526,-36.5
77.425,16.2526,-36.8
77.4417,16.2526,-37.2
77.4583,16.2526,-37.8
77.475,16.2526,-38.3
77.4917,16.2526,-38.8
77.5083,16.2526,-39
77.525,16.2526,-38.9
77.5417,16.2526,-38.5
77.5583,16.2526,-37.9
77.575,16.2526,-37.2
77.5917,16.2526,-36.5
77.6083,16.2526,-36.1
77.625,16.2526,-36
77.6417,16.2526,-36.3
77.6583,16.2526,-36.8
77.675,16.2526,-37.6
77.6917,16.2526,-38.4
77.7083,16.2526,-39.2
77.725,16.2526,-39.8
77.7417,16.2526,-40.4
77.7583,16.2526,-40.9
77.775,16.2526,-41.5
77.7917,16.2526,-42.1
77.8083,16.2526,-42.8
77.825,16.2526,-43.7
77.8417,16.2526,-44.5
77.8583,16.2526,-45.2
77.875,16.2526,-45.7
77.8917,16.2526,-46
77.9083,16.2526,-45.8
77.925,16.2526,-45.4
77.9417,16.2526,-44.7
77.9583,16.2526,-43.8
77.975,16.2526,-42.8
77.9917,16.2526,-41.9
78.0083,16.2526,-40.9
78.025,16.2526,-40
78.0417,16.2526,-39
78.0583,16.2526,-38
78.075,16.2526,-36.9
78.0917,16.2526,-35.8
78.1083,16.2526,-34.8
78.125,16.2526,-33.9
78.1417,16.2526,-33.3
78.1583,16.2526,-33
78.175,16.2526,-32.9
78.1917,16.2526,-33.1
78.2083,16.2526,-33.4
78.225,16.2526,-33.6
78.2417,16.2526,-33.8
78.2583,16.2526,-33.7
78.275,16.2526,-33.5
78.2917,16.2526,-33.1
78.3083,16.2526,-32.7
78.325,16.2526,-32.3
78.3417,16.2526,-32
78.3583,16.2526,-31.9
78.375,16.2526,-31.9
78.3917,16.2526,-31.9
78.4083,16.2526,-31.9
78.425,16.2526,-31.9
78.4417,16.2526,-31.7
78.4583,16.2526,-31.4
78.475,16.2526,-30.9
78.4917,16.2526,-30.3
78.5083,16.2526,-29.6
78.525,16.2526,-28.6
78.5417,16.2526,-27.4
78.5583,16.2526,-25.6
78.575,16.2526,-23.2
78.5917,16.2526,-20.2
78.6083,16.2526,-16.5
78.625,16.2526,-12.3
78.6417,16.2526,-7.7
78.6583,16.2526,-3.2
78.675,16.2526,1
78.6917,16.2526,4.5
78.7083,16.2526,7
78.725,16.2526,8.4
78.7417,16.2526,8.7
78.7583,16.2526,8
78.775,16.2526,6.5
78.7917,16.2526,4.3
78.8083,16.2526,1.7
78.825,16.2526,-1
78.8417,16.2526,-3.9
78.8583,16.2526,-6.7
78.875,16.2526,-9.6
78.8917,16.2526,-12.6
78.9083,16.2526,-15.7
78.925,16.2526,-18.9
78.9417,16.2526,-22.2
78.9583,16.2526,-25.6
78.975,16.2526,-29.1
78.9917,16.2526,-32.6
79.0083,16.2526,-36.1
79.025,16.2526,-39.5
79.0417,16.2526,-42.8
79.0583,16.2526,-45.9
79.075,16.2526,-48.8
79.0917,16.2526,-51.4
79.1083,16.2526,-53.7
79.125,16.2526,-55.5
79.1417,16.2526,-56.8
79.1583,16.2526,-57.7
79.175,16.2526,-58.1
79.1917,16.2526,-58.1
79.2083,16.2526,-57.8
79.225,16.2526,-57.2
79.2417,16.2526,-56.5
79.2583,16.2526,-55.7
79.275,16.2526,-54.8
79.2917,16.2526,-53.9
79.3083,16.2526,-52.9
79.325,16.2526,-52
79.3417,16.2526,-50.9
79.3583,16.2526,-49.8
79.375,16.2526,-48.7
79.3917,16.2526,-47.7
79.4083,16.2526,-46.9
79.425,16.2526,-46.4
79.4417,16.2526,-46.4
79.4583,16.2526,-46.7
79.475,16.2526,-47.5
79.4917,16.2526,-48.6
79.5083,16.2526,-49.9
79.525,16.2526,-51.1
79.5417,16.2526,-52
79.5583,16.2526,-52.5
79.575,16.2526,-52.5
79.5917,16.2526,-52.1
79.6083,16.2526,-51.3
79.625,16.2526,-50.4
79.6417,16.2526,-49.5
79.6583,16.2526,-48.9
79.675,16.2526,-48.7
79.6917,16.2526,-49
79.7083,16.2526,-49.8
79.725,16.2526,-51
79.7417,16.2526,-52.4
79.7583,16.2526,-53.8
79.775,16.2526,-55
79.7917,16.2526,-55.9
79.8083,16.2526,-56.4
79.825,16.2526,-56.6
79.8417,16.2526,-56.4
79.8583,16.2526,-56
79.875,16.2526,-55.4
79.8917,16.2526,-54.6
79.9083,16.2526,-53.7
79.925,16.2526,-52.5
79.9417,16.2526,-51.1
79.9583,16.2526,-49.5
79.975,16.2526,-47.6
79.9917,16.2526,-45.5
80.0083,16.2526,-43.4
77.2083,16.2366,-33.7
77.225,16.2366,-33.6
77.2417,16.2366,-33.7
77.2583,16.2366,-34
77.275,16.2366,-34.4
77.2917,16.2366,-34.8
77.3083,16.2366,-35.1
77.325,16.2366,-35.3
77.3417,16.2366,-35.4
77.3583,16.2366,-35.4
77.375,16.2366,-35.3
77.3917,16.2366,-35.4
77.4083,16.2366,-35.5
77.425,16.2366,-35.9
77.4417,16.2366,-36.3
77.4583,16.2366,-36.9
77.475,16.2366,-37.5
77.4917,16.2366,-37.8
77.5083,16.2366,-37.9
77.525,16.2366,-37.7
77.5417,16.2366,-37.1
77.5583,16.2366,-36.4
77.575,16.2366,-35.7
77.5917,16.2366,-35.1
77.6083,16.2366,-34.8
77.625,16.2366,-34.9
77.6417,16.2366,-35.4
77.6583,16.2366,-36.2
77.675,16.2366,-37.2
77.6917,16.2366,-38.2
77.7083,16.2366,-39.2
77.725,16.2366,-40
77.7417,16.2366,-40.7
77.7583,16.2366,-41.3
77.775,16.2366,-41.9
77.7917,16.2366,-42.7
77.8083,16.2366,-43.5
77.825,16.2366,-44.4
77.8417,16.2366,-45.4
77.8583,16.2366,-46.2
77.875,16.2366,-46.8
77.8917,16.2366,-47.1
77.9083,16.2366,-47.1
77.925,16.2366,-46.8
77.9417,16.2366,-46.3
77.9583,16.2366,-45.6
77.975,16.2366,-44.9
77.9917,16.2366,-44.3
78.0083,16.2366,-43.6
78.025,16.2366,-42.9
78.0417,16.2366,-42
78.0583,16.2366,-41.1
78.075,16.2366,-40
78.0917,16.2366,-38.9
78.1083,16.2366,-37.8
78.125,16.2366,-36.9
78.1417,16.2366,-36.2
78.1583,16.2366,-35.8
78.175,16.2366,-35.8
78.1917,16.2366,-35.9
78.2083,16.2366,-36.2
78.225,16.2366,-36.3
78.2417,16.2366,-36.3
78.2583,16.2366,-36.1
78.275,16.2366,-35.7
78.2917,16.2366,-35.1
78.3083,16.2366,-34.6
78.325,16.2366,-34.2
78.3417,16.2366,-34
78.3583,16.2366,-34
78.375,16.2366,-34.3
78.3917,16.2366,-34.6
78.4083,16.2366,-34.8
78.425,16.2366,-34.8
78.4417,16.2366,-34.5
78.4583,16.2366,-33.8
78.475,16.2366,-32.6
78.4917,16.2366,-31.2
78.5083,16.2366,-29.4
78.525,16.2366,-27.3
78.5417,16.2366,-25
78.5583,16.2366,-22.3
78.575,16.2366,-19.4
78.5917,16.2366,-16
78.6083,16.2366,-12.4
78.625,16.2366,-8.5
78.6417,16.2366,-4.5
78.6583,16.2366,-0.7
78.675,16.2366,2.6
78.6917,16.2366,5.3
78.7083,16.2366,7
78.725,16.2366,7.8
78.7417,16.2366,7.6
78.7583,16.2366,6.6
78.775,16.2366,4.8
78.7917,16.2366,2.6
78.8083,16.2366,0.1
78.825,16.2366,-2.6
78.8417,16.2366,-5.2
78.8583,16.2366,-7.9
78.875,16.2366,-10.5
78.8917,16.2366,-13.2
78.9083,16.2366,-15.9
78.925,16.2366,-18.8
78.9417,16.2366,-21.8
78.9583,16.2366,-25
78.975,16.2366,-28.3
78.9917,16.2366,-31.7
79.0083,16.2366,-35.1
79.025,16.2366,-38.6
79.0417,16.2366,-42.1
79.0583,16.2366,-45.4
79.075,16.2366,-48.5
79.0917,16.2366,-51.2
79.1083,16.2366,-53.6
79.125,16.2366,-55.4
79.1417,16.2366,-56.6
79.1583,16.2366,-57.3
79.175,16.2366,-57.5
79.1917,16.2366,-57.2
79.2083,16.2366,-56.6
79.225,16.2366,-55.8
79.2417,16.2366,-55
79.2583,16.2366,-54.1
79.275,16.2366,-53.4
79.2917,16.2366,-52.7
79.3083,16.2366,-52
79.325,16.2366,-51.4
79.3417,16.2366,-50.7
79.3583,16.2366,-50.1
79.375,16.2366,-49.4
79.3917,16.2366,-48.9
79.4083,16.2366,-48.5
79.425,16.2366,-48.5
79.4417,16.2366,-48.8
79.4583,16.2366,-49.5
79.475,16.2366,-50.4
79.4917,16.2366,-51.6
79.5083,16.2366,-52.8
79.525,16.2366,-53.8
79.5417,16.2366,-54.5
79.5583,16.2366,-54.7
79.575,16.2366,-54.3
79.5917,16.2366,-53.6
79.6083,16.2366,-52.5
79.625,16.2366,-51.3
79.6417,16.2366,-50.3
79.6583,16.2366,-49.6
79.675,16.2366,-49.4
79.6917,16.2366,-49.7
79.7083,16.2366,-50.6
79.725,16.2366,-51.8
79.7417,16.2366,-53.3
79.7583,16.2366,-54.6
79.775,16.2366,-55.8
79.7917,16.2366,-56.6
79.8083,16.2366,-56.9
79.825,16.2366,-56.9
79.8417,16.2366,-56.5
79.8583,16.2366,-55.8
79.875,16.2366,-54.9
79.8917,16.2366,-53.9
79.9083,16.2366,-52.8
79.925,16.2366,-51.5
79.9417,16.2366,-49.9
79.9583,16.2366,-48.2
79.975,16.2366,-46.3
79.9917,16.2366,-44.2
80.0083,16.2366,-42.2
77.2083,16.2206,-33.8
77.225,16.2206,-33.7
77.2417,16.2206,-33.8
77.2583,16.2206,-34
77.275,16.2206,-34.2
77.2917,16.2206,-34.5
77.3083,16.2206,-34.7
77.325,16.2206,-34.8
77.3417,16.2206,-34.8
77.3583,16.2206,-34.7
77.375,16.2206,-34.7
77.3917,16.2206,-34.7
77.4083,16.2206,-34.9
77.425,16.2206,-35.3
77.4417,16.2206,-35.8
77.4583,16.2206,-36.3
77.475,16.2206,-36.8
77.4917,16.2206,-37.1
77.5083,16.2206,-37
77.525,16.2206,-36.6
77.5417,16.2206,-35.9
77.5583,16.2206,-35.2
77.575,16.2206,-34.4
77.5917,16.2206,-33.9
77.6083,16.2206,-33.8
77.625,16.2206,-34.1
77.6417,16.2206,-34.9
77.6583,16.2206,-35.9
77.675,16.2206,-37.1
77.6917,16.2206,-38.2
77.7083,16.2206,-39.3
77.725,16.2206,-40.2
77.7417,16.2206,-41
77.7583,16.2206,-41.7
77.775,16.2206,-42.4
77.7917,16.2206,-43.2
77.8083,16.2206,-44.2
77.825,16.2206,-45.2
77.8417,16.2206,-46.3
77.8583,16.2206,-47.2
77.875,16.2206,-47.9
77.8917,16.2206,-48.3
77.9083,16.2206,-48.4
77.925,16.2206,-48.2
77.9417,16.2206,-47.8
77.9583,16.2206,-47.4
77.975,16.2206,-46.9
77.9917,16.2206,-46.5
78.0083,16.2206,-46.1
78.025,16.2206,-45.6
78.0417,16.2206,-44.9
78.0583,16.2206,-44.1
78.075,16.2206,-43
78.0917,16.2206,-41.9
78.1083,16.2206,-40.7
78.125,16.2206,-39.7
78.1417,16.2206,-39
78.1583,16.2206,-38.6
78.175,16.2206,-38.6
78.1917,16.2206,-38.7
78.2083,16.2206,-38.9
78.225,16.2206,-39
78.2417,16.2206,-38.9
78.2583,16.2206,-38.5
78.275,16.2206,-37.8
78.2917,16.2206,-37.1
78.3083,16.2206,-36.5
78.325,16.2206,-36.1
78.3417,16.2206,-36
78.3583,16.2206,-36.3
78.375,16.2206,-36.8
78.3917,16.2206,-37.4
78.4083,16.2206,-37.8
78.425,16.2206,-37.7
78.4417,16.2206,-37.1
78.4583,16.2206,-35.8
78.475,16.2206,-33.8
78.4917,16.2206,-31.3
78.5083,16.2206,-28.3
78.525,16.2206,-25.1
78.5417,16.2206,-21.7
78.5583,16.2206,-18.3
78.575,16.2206,-14.8
78.5917,16.2206,-11.5
78.6083,16.2206,-8.1
78.625,16.2206,-4.8
78.6417,16.2206,-1.7
78.6583,16.2206,1
78.675,16.2206,3.4
78.6917,16.2206,5
78.7083,16.2206,6
78.725,16.2206,6.1
78.7417,16.2206,5.4
78.7583,16.2206,4.1
78.775,16.2206,2.1
78.7917,16.2206,-0.1
78.8083,16.2206,-2.6
78.825,16.2206,-5.2
78.8417,16.2206,-7.7
78.8583,16.2206,-10.1
78.875,16.2206,-12.5
78.8917,16.2206,-14.8
78.9083,16.2206,-17.1
78.925,16.2206,-19.4
78.9417,16.2206,-21.9
78.9583,16.2206,-24.4
78.975,16.2206,-27.2
78.9917,16.2206,-30.1
79.0083,16.2206,-33.2
79.025,16.2206,-36.5
79.0417,16.2206,-39.8
79.0583,16.2206,-43.1
79.075,16.2206,-46.2
79.0917,16.2206,-49
79.1083,16.2206,-51.5
79.125,16.2206,-53.4
79.1417,16.2206,-54.7
79.1583,16.2206,-55.4
79.175,16.2206,-55.6
79.1917,16.2206,-55.3
79.2083,16.2206,-54.8
79.225,16.2206,-54.1
79.2417,16.2206,-53.4
79.2583,16.2206,-52.8
79.275,16.2206,-52.4
79.2917,16.2206,-52.1
79.3083,16.2206,-51.9
79.325,16.2206,-51.8
79.3417,16.2206,-51.6
79.3583,16.2206,-51.4
79.375,16.2206,-51.2
79.3917,16.2206,-51.1
79.4083,16.2206,-51.1
79.425,16.2206,-51.4
79.4417,16.2206,-51.9
79.4583,16.2206,-52.7
79.475,16.2206,-53.7
79.4917,16.2206,-54.8
79.5083,16.2206,-55.8
79.525,16.2206,-56.5
79.5417,16.2206,-56.8
79.5583,16.2206,-56.6
79.575,16.2206,-56
79.5917,16.2206,-54.9
79.6083,16.2206,-53.5
79.625,16.2206,-52.2
79.6417,16.2206,-51.1
79.6583,16.2206,-50.3
79.675,16.2206,-50.2
79.6917,16.2206,-50.6
79.7083,16.2206,-51.5
79.725,16.2206,-52.8
79.7417,16.2206,-54.3
79.7583,16.2206,-55.6
79.775,16.2206,-56.6
79.7917,16.2206,-57.3
79.8083,16.2206,-57.4
79.825,16.2206,-57.1
79.8417,16.2206,-56.4
79.8583,16.2206,-55.4
79.875,16.2206,-54.3
79.8917,16.2206,-53.1
79.9083,16.2206,-51.8
79.925,16.2206,-50.3
79.9417,16.2206,-48.7
79.9583,16.2206,-46.9
79.975,16.2206,-45
79.9917,16.2206,-43
80.0083,16.2206,-40.9
77.2083,16.2046,-34
77.225,16.2046,-33.9
77.2417,16.2046,-34
77.2583,16.2046,-34.1
77.275,16.2046,-34.3
77.2917,16.2046,-34.5
77.3083,16.2046,-34.6
77.325,16.2046,-34.6
77.3417,16.2046,-34.6
77.3583,16.2046,-34.5
77.375,16.2046,-34.4
77.3917,16.2046,-34.5
77.4083,16.2046,-34.7
77.425,16.2046,-35.1
77.4417,16.2046,-35.6
77.4583,16.2046,-36.1
77.475,16.2046,-36.4
77.4917,16.2046,-36.6
77.5083,16.2046,-36.4
77.525,16.2046,-35.9
77.5417,16.2046,-35.2
77.5583,16.2046,-34.4
77.575,16.2046,-33.7
77.5917,16.2046,-33.3
77.6083,16.2046,-33.4
77.625,16.2046,-33.9
77.6417,16.2046,-34.8
77.6583,16.2046,-36
77.675,16.2046,-37.3
77.6917,16.2046,-38.5
77.7083,16.2046,-39.6
77.725,16.2046,-40.5
77.7417,16.2046,-41.3
77.7583,16.2046,-42
77.775,16.2046,-42.7
77.7917,16.2046,-43.7
77.8083,16.2046,-44.7
77.825,16.2046,-45.9
77.8417,16.2046,-47.1
77.8583,16.2046,-48.1
77.875,16.2046,-48.9
77.8917,16.2046,-49.4
77.9083,16.2046,-49.5
77.925,16.2046,-49.5
77.9417,16.2046,-49.2
77.9583,16.2046,-49
77.975,16.2046,-48.7
77.9917,16.2046,-48.5
78.0083,16.2046,-48.3
78.025,16.2046,-47.9
78.0417,16.2046,-47.4
78.0583,16.2046,-46.6
78.075,16.2046,-45.6
78.0917,16.2046,-44.4
78.1083,16.2046,-43.2
78.125,16.2046,-42.2
78.1417,16.2046,-41.6
78.1583,16.2046,-41.2
78.175,16.2046,-41.2
78.1917,16.2046,-41.4
78.2083,16.2046,-41.6
78.225,16.2046,-41.6
78.2417,16.2046,-41.3
78.2583,16.2046,-40.7
78.275,16.2046,-39.9
78.2917,16.2046,-39
78.3083,16.2046,-38.3
78.325,16.2046,-37.9
78.3417,16.2046,-38
78.3583,16.2046,-38.5
78.375,16.2046,-39.3
78.3917,16.2046,-40.1
78.4083,16.2046,-40.5
78.425,16.2046,-40.3
78.4417,16.2046,-39.2
78.4583,16.2046,-37.2
78.475,16.2046,-34.3
78.4917,16.2046,-30.6
78.5083,16.2046,-26.5
78.525,16.2046,-22.2
78.5417,16.2046,-17.9
78.5583,16.2046,-14
78.575,16.2046,-10.4
78.5917,16.2046,-7.2
78.6083,16.2046,-4.4
78.625,16.2046,-2
78.6417,16.2046,0.1
78.6583,16.2046,1.7
78.675,16.2046,3
78.6917,16.2046,3.7
78.7083,16.2046,3.9
78.725,16.2046,3.4
78.7417,16.2046,2.3
78.7583,16.2046,0.7
78.775,16.2046,-1.4
78.7917,16.2046,-3.7
78.8083,16.2046,-6.3
78.825,16.2046,-8.8
78.8417,16.2046,-11.3
78.8583,16.2046,-13.6
78.875,16.2046,-15.7
78.8917,16.2046,-17.6
78.9083,16.2046,-19.3
78.925,16.2046,-20.9
78.9417,16.2046,-22.6
78.9583,16.2046,-24.2
78.975,16.2046,-26.1
78.9917,16.2046,-28.1
79.0083,16.2046,-30.5
79.025,16.2046,-33.1
79.0417,16.2046,-36
79.0583,16.2046,-39
79.075,16.2046,-42
79.0917,16.2046,-44.8
79.1083,16.2046,-47.4
79.125,16.2046,-49.4
79.1417,16.2046,-50.9
79.1583,16.2046,-51.9
79.175,16.2046,-52.3
79.1917,16.2046,-52.4
79.2083,16.2046,-52.2
79.225,16.2046,-52
79.2417,16.2046,-51.8
79.2583,16.2046,-51.7
79.275,16.2046,-51.9
79.2917,16.2046,-52.2
79.3083,16.2046,-52.6
79.325,16.2046,-53
79.3417,16.2046,-53.3
79.3583,16.2046,-53.6
79.375,16.2046,-53.8
79.3917,16.2046,-54
79.4083,16.2046,-54.3
79.425,16.2046,-54.7
79.4417,16.2046,-55.3
79.4583,16.2046,-56
79.475,16.2046,-56.9
79.4917,16.2046,-57.7
79.5083,16.2046,-58.4
79.525,16.2046,-58.8
79.5417,16.2046,-58.7
79.5583,16.2046,-58.2
79.575,16.2046,-57.2
79.5917,16.2046,-55.9
79.6083,16.2046,-54.4
79.625,16.2046,-53
79.6417,16.2046,-51.9
79.6583,16.2046,-51.2
79.675,16.2046,-51.1
79.6917,16.2046,-51.6
79.7083,16.2046,-52.6
79.725,16.2046,-53.9
79.7417,16.2046,-55.3
79.7583,16.2046,-56.6
79.775,16.2046,-57.5
79.7917,16.2046,-57.9
79.8083,16.2046,-57.8
79.825,16.2046,-57.2
79.8417,16.2046,-56.2
79.8583,16.2046,-55
79.875,16.2046,-53.7
79.8917,16.2046,-52.2
79.9083,16.2046,-50.7
79.925,16.2046,-49.2
79.9417,16.2046,-47.6
79.9583,16.2046,-45.8
79.975,16.2046,-43.9
79.9917,16.2046,-41.9
80.0083,16.2046,-40
77.2083,16.1886,-34.4
77.225,16.1886,-34.3
77.2417,16.1886,-34.3
77.2583,16.1886,-34.4
77.275,16.1886,-34.5
77.2917,16.1886,-34.7
77.3083,16.1886,-34.7
77.325,16.1886,-34.7
77.3417,16.1886,-34.7
77.3583,16.1886,-34.6
77.375,16.1886,-34.5
77.3917,16.1886,-34.6
77.4083,16.1886,-34.9
77.425,16.1886,-35.2
77.4417,16.1886,-35.7
77.4583,16.1886,-36.1
77.475,16.1886,-36.4
77.4917,16.1886,-36.4
77.5083,16.1886,-36.1
77.525,16.1886,-35.6
77.5417,16.1886,-34.8
77.5583,16.1886,-34.1
77.575,16.1886,-33.5
77.5917,16.1886,-33.3
77.6083,16.1886,-33.5
77.625,16.1886,-34.2
77.6417,16.1886,-35.2
77.6583,16.1886,-36.4
77.675,16.1886,-37.7
77.6917,16.1886,-38.8
77.7083,16.1886,-39.8
77.725,16.1886,-40.7
77.7417,16.1886,-41.4
77.7583,16.1886,-42.1
77.775,16.1886,-42.9
77.7917,16.1886,-43.9
77.8083,16.1886,-45.1
77.825,16.1886,-46.4
77.8417,16.1886,-47.7
77.8583,16.1886,-48.9
77.875,16.1886,-49.8
77.8917,16.1886,-50.3
77.9083,16.1886,-50.6
77.925,16.1886,-50.6
77.9417,16.1886,-50.5
77.9583,16.1886,-50.4
77.975,16.1886,-50.3
77.9917,16.1886,-50.2
78.0083,16.1886,-50.1
78.025,16.1886,-49.9
78.0417,16.1886,-49.4
78.0583,16.1886,-48.7
78.075,16.1886,-47.6
78.0917,16.1886,-46.5
78.1083,16.1886,-45.3
78.125,16.1886,-44.4
78.1417,16.1886,-43.8
78.1583,16.1886,-43.5
78.175,16.1886,-43.6
78.1917,16.1886,-43.9
78.2083,16.1886,-44.1
78.225,16.1886,-44.1
78.2417,16.1886,-43.7
78.2583,16.1886,-43
78.275,16.1886,-42
78.2917,16.1886,-41
78.3083,16.1886,-40.2
78.325,16.1886,-39.9
78.3417,16.1886,-40.1
78.3583,16.1886,-40.7
78.375,16.1886,-41.7
78.3917,16.1886,-42.6
78.4083,16.1886,-43
78.425,16.1886,-42.5
78.4417,16.1886,-40.9
78.4583,16.1886,-38.1
78.475,16.1886,-34.3
78.4917,16.1886,-29.5
78.5083,16.1886,-24.4
78.525,16.1886,-19.2
78.5417,16.1886,-14.3
78.5583,16.1886,-10.1
78.575,16.1886,-6.6
78.5917,16.1886,-3.9
78.6083,16.1886,-1.9
78.625,16.1886,-0.5
78.6417,16.1886,0.5
78.6583,16.1886,1.1
78.675,16.1886,1.4
78.6917,16.1886,1.3
78.7083,16.1886,0.9
78.725,16.1886,0
78.7417,16.1886,-1.4
78.7583,16.1886,-3.2
78.775,16.1886,-5.4
78.7917,16.1886,-7.9
78.8083,16.1886,-10.6
78.825,16.1886,-13.3
78.8417,16.1886,-15.8
78.8583,16.1886,-18
78.875,16.1886,-19.9
78.8917,16.1886,-21.4
78.9083,16.1886,-22.5
78.925,16.1886,-23.3
78.9417,16.1886,-23.8
78.9583,16.1886,-24.3
78.975,16.1886,-24.9
78.9917,16.1886,-25.8
79.0083,16.1886,-27.1
79.025,16.1886,-28.8
79.0417,16.1886,-30.9
79.0583,16.1886,-33.4
79.075,16.1886,-36.2
79.0917,16.1886,-38.9
79.1083,16.1886,-41.6
79.125,16.1886,-43.8
79.1417,16.1886,-45.7
79.1583,16.1886,-47
79.175,16.1886,-48
79.1917,16.1886,-48.6
79.2083,16.1886,-49.1
79.225,16.1886,-49.6
79.2417,16.1886,-50.1
79.2583,16.1886,-50.9
79.275,16.1886,-51.8
79.2917,16.1886,-52.8
79.3083,16.1886,-53.9
79.325,16.1886,-54.9
79.3417,16.1886,-55.7
79.3583,16.1886,-56.4
79.375,16.1886,-56.9
79.3917,16.1886,-57.3
79.4083,16.1886,-57.7
79.425,16.1886,-58.1
79.4417,16.1886,-58.5
79.4583,16.1886,-59.1
79.475,16.1886,-59.7
79.4917,16.1886,-60.2
79.5083,16.1886,-60.5
79.525,16.1886,-60.6
79.5417,16.1886,-60.2
79.5583,16.1886,-59.4
79.575,16.1886,-58.2
79.5917,16.1886,-56.7
79.6083,16.1886,-55.2
79.625,16.1886,-53.8
79.6417,16.1886,-52.7
79.6583,16.1886,-52.2
79.675,16.1886,-52.2
79.6917,16.1886,-52.8
79.7083,16.1886,-53.8
79.725,16.1886,-55.1
79.7417,16.1886,-56.4
79.7583,16.1886,-57.5
79.775,16.1886,-58.2
79.7917,16.1886,-58.4
79.8083,16.1886,-58
79.825,16.1886,-57.2
79.8417,16.1886,-56
79.8583,16.1886,-54.6
79.875,16.1886,-53
79.8917,16.1886,-51.4
79.9083,16.1886,-49.8
79.925,16.1886,-48.2
79.9417,16.1886,-46.6
79.9583,16.1886,-44.8
79.975,16.1886,-43
79.9917,16.1886,-41.1
80.0083,16.1886,-39.2
77.2083,16.1726,-34.9
77.225,16.1726,-34.8
77.2417,16.1726,-34.8
77.2583,16.1726,-34.8
77.275,16.1726,-34.9
77.2917,16.1726,-35
77.3083,16.1726,-35.1
77.325,16.1726,-35
77.3417,16.1726,-35
77.3583,16.1726,-34.9
77.375,16.1726,-34.9
77.3917,16.1726,-35.1
77.4083,16.1726,-35.3
77.425,16.1726,-35.6
77.4417,16.1726,-36
77.4583,16.1726,-36.4
77.475,16.1726,-36.5
77.4917,16.1726,-36.5
77.5083,16.1726,-36.2
77.525,16.1726,-35.6
77.5417,16.1726,-34.9
77.5583,16.1726,-34.3
77.575,16.1726,-33.9
77.5917,16.1726,-33.8
77.6083,16.1726,-34.2
77.625,16.1726,-34.9
77.6417,16.1726,-35.9
77.6583,16.1726,-37.1
77.675,16.1726,-38.2
77.6917,16.1726,-39.2
77.7083,16.1726,-40.1
77.725,16.1726,-40.7
77.7417,16.1726,-41.3
77.7583,16.1726,-42
77.775,16.1726,-42.9
77.7917,16.1726,-44
77.8083,16.1726,-45.3
77.825,16.1726,-46.8
77.8417,16.1726,-48.2
77.8583,16.1726,-49.5
77.875,16.1726,-50.5
77.8917,16.1726,-51.1
77.9083,16.1726,-51.4
77.925,16.1726,-51.5
77.9417,16.1726,-51.5
77.9583,16.1726,-51.5
77.975,16.1726,-51.6
77.9917,16.1726,-51.7
78.0083,16.1726,-51.7
78.025,16.1726,-51.5
78.0417,16.1726,-51.1
78.0583,16.1726,-50.3
78.075,16.1726,-49.3
78.0917,16.1726,-48.2
78.1083,16.1726,-47
78.125,16.1726,-46.2
78.1417,16.1726,-45.7
78.1583,16.1726,-45.6
78.175,16.1726,-45.9
78.1917,16.1726,-46.2
78.2083,16.1726,-46.5
78.225,16.1726,-46.5
78.2417,16.1726,-46.1
78.2583,16.1726,-45.2
78.275,16.1726,-44.1
78.2917,16.1726,-43
78.3083,16.1726,-42.1
78.325,16.1726,-41.8
78.3417,16.1726,-42.1
78.3583,16.1726,-42.9
78.375,16.1726,-43.9
78.3917,16.1726,-44.8
78.4083,16.1726,-45
78.425,16.1726,-44.2
78.4417,16.1726,-42.1
78.4583,16.1726,-38.6
78.475,16.1726,-33.8
78.4917,16.1726,-28.3
78.5083,16.1726,-22.4
78.525,16.1726,-16.7
78.5417,16.1726,-11.5
78.5583,16.1726,-7.4
78.575,16.1726,-4.3
78.5917,16.1726,-2.3
78.6083,16.1726,-1.2
78.625,16.1726,-0.7
78.6417,16.1726,-0.8
78.6583,16.1726,-1.1
78.675,16.1726,-1.5
78.6917,16.1726,-2.1
78.7083,16.1726,-2.9
78.725,16.1726,-4
78.7417,16.1726,-5.5
78.7583,16.1726,-7.4
78.775,16.1726,-9.8
78.7917,16.1726,-12.4
78.8083,16.1726,-15.3
78.825,16.1726,-18.2
78.8417,16.1726,-20.9
78.8583,16.1726,-23.1
78.875,16.1726,-24.8
78.8917,16.1726,-25.9
78.9083,16.1726,-26.3
78.925,16.1726,-26.1
78.9417,16.1726,-25.4
78.9583,16.1726,-24.5
78.975,16.1726,-23.7
78.9917,16.1726,-23.2
79.0083,16.1726,-23.2
79.025,16.1726,-23.8
79.0417,16.1726,-25.1
79.0583,16.1726,-27
79.075,16.1726,-29.4
79.0917,16.1726,-32.1
79.1083,16.1726,-34.8
79.125,16.1726,-37.4
79.1417,16.1726,-39.7
79.1583,16.1726,-41.6
79.175,16.1726,-43.2
79.1917,16.1726,-44.6
79.2083,16.1726,-45.9
79.225,16.1726,-47.3
79.2417,16.1726,-48.7
79.2583,16.1726,-50.3
79.275,16.1726,-52.1
79.2917,16.1726,-53.8
79.3083,16.1726,-55.5
79.325,16.1726,-57.1
79.3417,16.1726,-58.4
79.3583,16.1726,-59.3
79.375,16.1726,-60
79.3917,16.1726,-60.5
79.4083,16.1726,-60.8
79.425,16.1726,-61
79.4417,16.1726,-61.3
79.4583,16.1726,-61.6
79.475,16.1726,-61.8
79.4917,16.1726,-62
79.5083,16.1726,-62
79.525,16.1726,-61.7
79.5417,16.1726,-61.1
79.5583,16.1726,-60.1
79.575,16.1726,-58.8
79.5917,16.1726,-57.4
79.6083,16.1726,-55.9
79.625,16.1726,-54.7
79.6417,16.1726,-53.7
79.6583,16.1726,-53.3
79.675,16.1726,-53.4
79.6917,16.1726,-54
79.7083,16.1726,-55
79.725,16.1726,-56.2
79.7417,16.1726,-57.4
79.7583,16.1726,-58.3
79.775,16.1726,-58.8
79.7917,16.1726,-58.7
79.8083,16.1726,-58.1
79.825,16.1726,-57.1
79.8417,16.1726,-55.7
79.8583,16.1726,-54.1
79.875,16.1726,-52.3
79.8917,16.1726,-50.6
79.9083,16.1726,-49
79.925,16.1726,-47.4
79.9417,16.1726,-45.7
79.9583,16.1726,-44.1
79.975,16.1726,-42.3
79.9917,16.1726,-40.5
80.0083,16.1726,-38.8
77.2083,16.1566,-35.6
77.225,16.1566,-35.4
77.2417,16.1566,-35.3
77.2583,16.1566,-35.3
77.275,16.1566,-35.4
77.2917,16.1566,-35.4
77.3083,16.1566,-35.5
77.325,16.1566,-35.5
77.3417,16.1566,-35.5
77.3583,16.1566,-35.5
77.375,16.1566,-35.6
77.3917,16.1566,-35.7
77.4083,16.1566,-35.9
77.425,16.1566,-36.2
77.4417,16.1566,-36.5
77.4583,16.1566,-36.8
77.475,16.1566,-36.9
77.4917,16.1566,-36.8
77.5083,16.1566,-36.5
77.525,16.1566,-36
77.5417,16.1566,-35.4
77.5583,16.1566,-34.9
77.575,16.1566,-34.7
77.5917,16.1566,-34.7
77.6083,16.1566,-35.2
77.625,16.1566,-35.9
77.6417,16.1566,-36.9
77.6583,16.1566,-37.9
77.675,16.1566,-38.8
77.6917,16.1566,-39.6
77.7083,16.1566,-40.2
77.725,16.1566,-40.7
77.7417,16.1566,-41.2
77.7583,16.1566,-41.8
77.775,16.1566,-42.7
77.7917,16.1566,-43.9
77.8083,16.1566,-45.3
77.825,16.1566,-46.9
77.8417,16.1566,-48.5
77.8583,16.1566,-49.9
77.875,16.1566,-51
77.8917,16.1566,-51.7
77.9083,16.1566,-52.2
77.925,16.1566,-52.4
77.9417,16.1566,-52.5
77.9583,16.1566,-52.6
77.975,16.1566,-52.8
77.9917,16.1566,-53
78.0083,16.1566,-53.1
78.025,16.1566,-53
78.0417,16.1566,-52.5
78.0583,16.1566,-51.8
78.075,16.1566,-50.8
78.0917,16.1566,-49.7
78.1083,16.1566,-48.6
78.125,16.1566,-47.9
78.1417,16.1566,-47.6
78.1583,16.1566,-47.7
78.175,16.1566,-48.1
78.1917,16.1566,-48.6
78.2083,16.1566,-49
78.225,16.1566,-49
78.2417,16.1566,-48.5
78.2583,16.1566,-47.5
78.275,16.1566,-46.3
78.2917,16.1566,-45.1
78.3083,16.1566,-44.2
78.325,16.1566,-43.8
78.3417,16.1566,-44.1
78.3583,16.1566,-44.9
78.375,16.1566,-45.9
78.3917,16.1566,-46.6
78.4083,16.1566,-46.6
78.425,16.1566,-45.4
78.4417,16.1566,-42.8
78.4583,16.1566,-38.7
78.475,16.1566,-33.3
78.4917,16.1566,-27.2
78.5083,16.1566,-20.8
78.525,16.1566,-15
78.5417,16.1566,-10
78.5583,16.1566,-6.2
78.575,16.1566,-3.8
78.5917,16.1566,-2.6
78.6083,16.1566,-2.5
78.625,16.1566,-3
78.6417,16.1566,-3.8
78.6583,16.1566,-4.7
78.675,16.1566,-5.6
78.6917,16.1566,-6.5
78.7083,16.1566,-7.3
78.725,16.1566,-8.4
78.7417,16.1566,-9.8
78.7583,16.1566,-11.7
78.775,16.1566,-14.2
78.7917,16.1566,-17
78.8083,16.1566,-20.1
78.825,16.1566,-23.2
78.8417,16.1566,-26.1
78.8583,16.1566,-28.4
78.875,16.1566,-29.9
78.8917,16.1566,-30.5
78.9083,16.1566,-30.1
78.925,16.1566,-28.8
78.9417,16.1566,-26.9
78.9583,16.1566,-24.6
78.975,16.1566,-22.2
78.9917,16.1566,-20.2
79.0083,16.1566,-18.9
79.025,16.1566,-18.4
79.0417,16.1566,-18.8
79.0583,16.1566,-20.1
79.075,16.1566,-22.2
79.0917,16.1566,-24.9
79.1083,16.1566,-27.8
79.125,16.1566,-30.7
79.1417,16.1566,-33.5
79.1583,16.1566,-36.2
79.175,16.1566,-38.6
79.1917,16.1566,-40.8
79.2083,16.1566,-43.1
79.225,16.1566,-45.3
79.2417,16.1566,-47.7
79.2583,16.1566,-50.2
79.275,16.1566,-52.7
79.2917,16.1566,-55.2
79.3083,16.1566,-57.4
79.325,16.1566,-59.4
79.3417,16.1566,-61
79.3583,16.1566,-62.1
79.375,16.1566,-62.8
79.3917,16.1566,-63.3
79.4083,16.1566,-63.4
79.425,16.1566,-63.5
79.4417,16.1566,-63.4
79.4583,16.1566,-63.4
79.475,16.1566,-63.3
79.4917,16.1566,-63.2
79.5083,16.1566,-62.9
79.525,16.1566,-62.4
79.5417,16.1566,-61.6
79.5583,16.1566,-60.6
79.575,16.1566,-59.4
79.5917,16.1566,-58
79.6083,16.1566,-56.7
79.625,16.1566,-55.7
79.6417,16.1566,-54.9
79.6583,16.1566,-54.6
79.675,16.1566,-54.8
79.6917,16.1566,-55.4
79.7083,16.1566,-56.3
79.725,16.1566,-57.3
79.7417,16.1566,-58.3
79.7583,16.1566,-58.9
79.775,16.1566,-59.2
79.7917,16.1566,-58.9
79.8083,16.1566,-58.1
79.825,16.1566,-56.9
79.8417,16.1566,-55.3
79.8583,16.1566,-53.5
79.875,16.1566,-51.7
79.8917,16.1566,-49.9
79.9083,16.1566,-48.2
79.925,16.1566,-46.6
79.9417,16.1566,-45
79.9583,16.1566,-43.4
79.975,16.1566,-41.7
79.9917,16.1566,-40.1
80.0083,16.1566,-38.4
77.2083,16.1406,-36.4
77.225,16.1406,-36.1
77.2417,16.1406,-35.9
77.2583,16.1406,-35.9
77.275,16.1406,-35.9
77.2917,16.1406,-36
77.3083,16.1406,-36
77.325,16.1406,-36.1
77.3417,16.1406,-36.1
77.3583,16.1406,-36.2
77.375,16.1406,-36.3
77.3917,16.1406,-36.4
77.4083,16.1406,-36.6
77.425,16.1406,-36.9
77.4417,16.1406,-37.1
77.4583,16.1406,-37.3
77.475,16.1406,-37.3
77.4917,16.1406,-37.2
77.5083,16.1406,-36.9
77.525,16.1406,-36.5
77.5417,16.1406,-36.1
77.5583,16.1406,-35.8
77.575,16.1406,-35.7
77.5917,16.1406,-35.9
77.6083,16.1406,-36.4
77.625,16.1406,-37.1
77.6417,16.1406,-38
77.6583,16.1406,-38.8
77.675,16.1406,-39.5
77.6917,16.1406,-40
77.7083,16.1406,-40.4
77.725,16.1406,-40.7
77.7417,16.1406,-41
77.7583,16.1406,-41.6
77.775,16.1406,-42.5
77.7917,16.1406,-43.8
77.8083,16.1406,-45.3
77.825,16.1406,-47
77.8417,16.1406,-48.7
77.8583,16.1406,-50.2
77.875,16.1406,-51.4
77.8917,16.1406,-52.2
77.9083,16.1406,-52.8
77.925,16.1406,-53.1
77.9417,16.1406,-53.4
77.9583,16.1406,-53.6
77.975,16.1406,-54
77.9917,16.1406,-54.3
78.0083,16.1406,-54.4
78.025,16.1406,-54.4
78.0417,16.1406,-54
78.0583,16.1406,-53.3
78.075,16.1406,-52.3
78.0917,16.1406,-51.2
78.1083,16.1406,-50.3
78.125,16.1406,-49.7
78.1417,16.1406,-49.5
78.1583,16.1406,-49.8
78.175,16.1406,-50.4
78.1917,16.1406,-51
78.2083,16.1406,-51.5
78.225,16.1406,-51.5
78.2417,16.1406,-51
78.2583,16.1406,-49.9
78.275,16.1406,-48.6
78.2917,16.1406,-47.3
78.3083,16.1406,-46.3
78.325,16.1406,-45.9
78.3417,16.1406,-46.1
78.3583,16.1406,-46.8
78.375,16.1406,-47.7
78.3917,16.1406,-48.2
78.4083,16.1406,-47.9
78.425,16.1406,-46.3
78.4417,16.1406,-43.1
78.4583,16.1406,-38.6
78.475,16.1406,-32.8
78.4917,16.1406,-26.5
78.5083,16.1406,-20.2
78.525,16.1406,-14.5
78.5417,16.1406,-10
78.5583,16.1406,-7
78.575,16.1406,-5.4
78.5917,16.1406,-5.1
78.6083,16.1406,-5.9
78.625,16.1406,-7.1
78.6417,16.1406,-8.5
78.6583,16.1406,-9.7
78.675,16.1406,-10.7
78.6917,16.1406,-11.5
78.7083,16.1406,-12.1
78.725,16.1406,-12.9
78.7417,16.1406,-14.1
78.7583,16.1406,-15.9
78.775,16.1406,-18.3
78.7917,16.1406,-21.3
78.8083,16.1406,-24.6
78.825,16.1406,-27.9
78.8417,16.1406,-30.9
78.8583,16.1406,-33.1
78.875,16.1406,-34.4
78.8917,16.1406,-34.4
78.9083,16.1406,-33.2
78.925,16.1406,-30.9
78.9417,16.1406,-27.6
78.9583,16.1406,-24
78.975,16.1406,-20.3
78.9917,16.1406,-17
79.0083,16.1406,-14.5
79.025,16.1406,-13
79.0417,16.1406,-12.8
79.0583,16.1406,-13.7
79.075,16.1406,-15.6
79.0917,16.1406,-18.3
79.1083,16.1406,-21.5
79.125,16.1406,-24.9
79.1417,16.1406,-28.3
79.1583,16.1406,-31.7
79.175,16.1406,-34.9
79.1917,16.1406,-38
79.2083,16.1406,-41.1
79.225,16.1406,-44.2
79.2417,16.1406,-47.4
79.2583,16.1406,-50.6
79.275,16.1406,-53.8
79.2917,16.1406,-56.7
79.3083,16.1406,-59.4
79.325,16.1406,-61.6
79.3417,16.1406,-63.3
79.3583,16.1406,-64.5
79.375,16.1406,-65.1
79.3917,16.1406,-65.4
79.4083,16.1406,-65.4
79.425,16.1406,-65.2
79.4417,16.1406,-64.9
79.4583,16.1406,-64.6
79.475,16.1406,-64.2
79.4917,16.1406,-63.9
79.5083,16.1406,-63.4
79.525,16.1406,-62.8
79.5417,16.1406,-62
79.5583,16.1406,-61
79.575,16.1406,-59.9
79.5917,16.1406,-58.8
79.6083,16.1406,-57.8
79.625,16.1406,-56.9
79.6417,16.1406,-56.3
79.6583,16.1406,-56.1
79.675,16.1406,-56.3
79.6917,16.1406,-56.8
79.7083,16.1406,-57.5
79.725,16.1406,-58.3
79.7417,16.1406,-59
79.7583,16.1406,-59.4
79.775,16.1406,-59.4
79.7917,16.1406,-58.9
79.8083,16.1406,-57.9
79.825,16.1406,-56.5
79.8417,16.1406,-54.8
79.8583,16.1406,-53
79.875,16.1406,-51
79.8917,16.1406,-49.2
79.9083,16.1406,-47.4
79.925,16.1406,-45.7
79.9417,16.1406,-44.1
79.9583,16.1406,-42.6
79.975,16.1406,-41
79.9917,16.1406,-39.5
80.0083,16.1406,-38
77.2083,16.1246,-37.2
77.225,16.1246,-36.9
77.2417,16.1246,-36.6
77.2583,16.1246,-36.5
77.275,16.1246,-36.5
77.2917,16.1246,-36.5
77.3083,16.1246,-36.6
77.325,16.1246,-36.7
77.3417,16.1246,-36.9
77.3583,16.1246,-37
77.375,16.1246,-37.1
77.3917,16.1246,-37.2
77.4083,16.1246,-37.4
77.425,16.1246,-37.6
77.4417,16.1246,-37.7
77.4583,16.1246,-37.8
77.475,16.1246,-37.8
77.4917,16.1246,-37.7
77.5083,16.1246,-37.4
77.525,16.1246,-37.2
77.5417,16.1246,-36.9
77.5583,16.1246,-36.8
77.575,16.1246,-36.8
77.5917,16.1246,-37.2
77.6083,16.1246,-37.7
77.625,16.1246,-38.4
77.6417,16.1246,-39.1
77.6583,16.1246,-39.7
77.675,16.1246,-40.2
77.6917,16.1246,-40.5
77.7083,16.1246,-40.6
77.725,16.1246,-40.7
77.7417,16.1246,-41
77.7583,16.1246,-41.5
77.775,16.1246,-42.5
77.7917,16.1246,-43.8
77.8083,16.1246,-45.4
77.825,16.1246,-47.1
77.8417,16.1246,-48.9
77.8583,16.1246,-50.4
77.875,16.1246,-51.7
77.8917,16.1246,-52.6
77.9083,16.1246,-53.3
77.925,16.1246,-53.8
77.9417,16.1246,-54.2
77.9583,16.1246,-54.7
77.975,16.1246,-55.2
77.9917,16.1246,-55.6
78.0083,16.1246,-55.9
78.025,16.1246,-56
78.0417,16.1246,-55.6
78.0583,16.1246,-54.9
78.075,16.1246,-54
78.0917,16.1246,-53
78.1083,16.1246,-52.2
78.125,16.1246,-51.7
78.1417,16.1246,-51.7
78.1583,16.1246,-52.1
78.175,16.1246,-52.9
78.1917,16.1246,-53.6
78.2083,16.1246,-54.2
78.225,16.1246,-54.2
78.2417,16.1246,-53.6
78.2583,16.1246,-52.5
78.275,16.1246,-51.1
78.2917,16.1246,-49.7
78.3083,16.1246,-48.6
78.325,16.1246,-48
78.3417,16.1246,-48.1
78.3583,16.1246,-48.6
78.375,16.1246,-49.3
78.3917,16.1246,-49.5
78.4083,16.1246,-48.8
78.425,16.1246,-46.8
78.4417,16.1246,-43.3
78.4583,16.1246,-38.5
78.475,16.1246,-32.7
78.4917,16.1246,-26.5
78.5083,16.1246,-20.5
78.525,16.1246,-15.4
78.5417,16.1246,-11.6
78.5583,16.1246,-9.5
78.575,16.1246,-8.9
78.5917,16.1246,-9.5
78.6083,16.1246,-11
78.625,16.1246,-12.7
78.6417,16.1246,-14.4
78.6583,16.1246,-15.7
78.675,16.1246,-16.4
78.6917,16.1246,-16.8
78.7083,16.1246,-17
78.725,16.1246,-17.4
78.7417,16.1246,-18.2
78.7583,16.1246,-19.8
78.775,16.1246,-22.1
78.7917,16.1246,-25
78.8083,16.1246,-28.4
78.825,16.1246,-31.7
78.8417,16.1246,-34.7
78.8583,16.1246,-36.8
78.875,16.1246,-37.6
78.8917,16.1246,-37.1
78.9083,16.1246,-35
78.925,16.1246,-31.7
78.9417,16.1246,-27.4
78.9583,16.1246,-22.5
78.975,16.1246,-17.7
78.9917,16.1246,-13.4
79.0083,16.1246,-10
79.025,16.1246,-7.9
79.0417,16.1246,-7.3
79.0583,16.1246,-8
79.075,16.1246,-10
79.0917,16.1246,-12.9
79.1083,16.1246,-16.5
79.125,16.1246,-20.4
79.1417,16.1246,-24.5
79.1583,16.1246,-28.6
79.175,16.1246,-32.6
79.1917,16.1246,-36.5
79.2083,16.1246,-40.3
79.225,16.1246,-44.1
79.2417,16.1246,-48
79.2583,16.1246,-51.7
79.275,16.1246,-55.3
79.2917,16.1246,-58.5
79.3083,16.1246,-61.4
79.325,16.1246,-63.6
79.3417,16.1246,-65.3
79.3583,16.1246,-66.3
79.375,16.1246,-66.8
79.3917,16.1246,-66.9
79.4083,16.1246,-66.7
79.425,16.1246,-66.3
79.4417,16.1246,-65.7
79.4583,16.1246,-65.2
79.475,16.1246,-64.7
79.4917,16.1246,-64.2
79.5083,16.1246,-63.6
79.525,16.1246,-63
79.5417,16.1246,-62.3
79.5583,16.1246,-61.5
79.575,16.1246,-60.7
79.5917,16.1246,-59.8
79.6083,16.1246,-59
79.625,16.1246,-58.4
79.6417,16.1246,-58
79.6583,16.1246,-57.8
79.675,16.1246,-57.9
79.6917,16.1246,-58.2
79.7083,16.1246,-58.7
79.725,16.1246,-59.2
79.7417,16.1246,-59.5
79.7583,16.1246,-59.6
79.775,16.1246,-59.4
79.7917,16.1246,-58.7
79.8083,16.1246,-57.6
79.825,16.1246,-56.1
79.8417,16.1246,-54.3
79.8583,16.1246,-52.3
79.875,16.1246,-50.3
79.8917,16.1246,-48.3
79.9083,16.1246,-46.5
79.925,16.1246,-44.7
79.9417,16.1246,-43.1
79.9583,16.1246,-41.6
79.975,16.1246,-40.2
79.9917,16.1246,-38.8
80.0083,16.1246,-37.5
77.2083,16.1086,-38.1
77.225,16.1086,-37.7
77.2417,16.1086,-37.4
77.2583,16.1086,-37.2
77.275,16.1086,-37.1
77.2917,16.1086,-37.2
77.3083,16.1086,-37.3
77.325,16.1086,-37.5
77.3417,16.1086,-37.7
77.3583,16.1086,-37.8
77.375,16.1086,-38
77.3917,16.1086,-38.1
77.4083,16.1086,-38.2
77.425,16.1086,-38.3
77.4417,16.1086,-38.4
77.4583,16.1086,-38.4
77.475,16.1086,-38.4
77.4917,16.1086,-38.2
77.5083,16.1086,-38.1
77.525,16.1086,-37.9
77.5417,16.1086,-37.8
77.5583,16.1086,-37.8
77.575,16.1086,-38
77.5917,16.1086,-38.4
77.6083,16.1086,-39
77.625,16.1086,-39.6
77.6417,16.1086,-40.2
77.6583,16.1086,-40.7
77.675,16.1086,-40.9
77.6917,16.1086,-41
77.7083,16.1086,-41
77.725,16.1086,-41
77.7417,16.1086,-41.3
77.7583,16.1086,-41.8
77.775,16.1086,-42.7
77.7917,16.1086,-44
77.8083,16.1086,-45.7
77.825,16.1086,-47.4
77.8417,16.1086,-49.2
77.8583,16.1086,-50.7
77.875,16.1086,-52
77.8917,16.1086,-53
77.9083,16.1086,-53.7
77.925,16.1086,-54.4
77.9417,16.1086,-55
77.9583,16.1086,-55.7
77.975,16.1086,-56.4
77.9917,16.1086,-57
78.0083,16.1086,-57.5
78.025,16.1086,-57.7
78.0417,16.1086,-57.4
78.0583,16.1086,-56.9
78.075,16.1086,-56
78.0917,16.1086,-55.1
78.1083,16.1086,-54.4
78.125,16.1086,-54
78.1417,16.1086,-54.2
78.1583,16.1086,-54.7
78.175,16.1086,-55.6
78.1917,16.1086,-56.4
78.2083,16.1086,-56.9
78.225,16.1086,-56.9
78.2417,16.1086,-56.3
78.2583,16.1086,-55.1
78.275,16.1086,-53.6
78.2917,16.1086,-52.1
78.3083,16.1086,-50.9
78.325,16.1086,-50.2
78.3417,16.1086,-50.1
78.3583,16.1086,-50.4
78.375,16.1086,-50.7
78.3917,16.1086,-50.5
78.4083,16.1086,-49.5
78.425,16.1086,-47.2
78.4417,16.1086,-43.5
78.4583,16.1086,-38.6
78.475,16.1086,-32.9
78.4917,16.1086,-27.1
78.5083,16.1086,-21.7
78.525,16.1086,-17.4
78.5417,16.1086,-14.6
78.5583,16.1086,-13.4
78.575,16.1086,-13.7
78.5917,16.1086,-15.1
78.6083,16.1086,-17.1
78.625,16.1086,-19.1
78.6417,16.1086,-20.8
78.6583,16.1086,-21.8
78.675,16.1086,-22.2
78.6917,16.1086,-22
78.7083,16.1086,-21.6
78.725,16.1086,-21.5
78.7417,16.1086,-21.9
78.7583,16.1086,-23.1
78.775,16.1086,-25.1
78.7917,16.1086,-27.9
78.8083,16.1086,-31.2
78.825,16.1086,-34.4
78.8417,16.1086,-37.1
78.8583,16.1086,-38.8
78.875,16.1086,-39.2
78.8917,16.1086,-38
78.9083,16.1086,-35.1
78.925,16.1086,-31
78.9417,16.1086,-25.7
78.9583,16.1086,-20.1
78.975,16.1086,-14.5
78.9917,16.1086,-9.6
79.0083,16.1086,-5.9
79.025,16.1086,-3.6
79.0417,16.1086,-2.9
79.0583,16.1086,-3.8
79.075,16.1086,-6
79.0917,16.1086,-9.4
79.1083,16.1086,-13.5
79.125,16.1086,-18
79.1417,16.1086,-22.7
79.1583,16.1086,-27.4
79.175,16.1086,-32
79.1917,16.1086,-36.5
79.2083,16.1086,-41
79.225,16.1086,-45.3
79.2417,16.1086,-49.5
79.2583,16.1086,-53.5
79.275,16.1086,-57.2
79.2917,16.1086,-60.5
79.3083,16.1086,-63.2
79.325,16.1086,-65.3
79.3417,16.1086,-66.8
79.3583,16.1086,-67.7
79.375,16.1086,-67.9
79.3917,16.1086,-67.8
79.4083,16.1086,-67.4
79.425,16.1086,-66.8
79.4417,16.1086,-66.2
79.4583,16.1086,-65.6
79.475,16.1086,-65
79.4917,16.1086,-64.4
79.5083,16.1086,-63.9
79.525,16.1086,-63.4
79.5417,16.1086,-62.8
79.5583,16.1086,-62.2
79.575,16.1086,-61.6
79.5917,16.1086,-61
79.6083,16.1086,-60.5
79.625,16.1086,-60
79.6417,16.1086,-59.7
79.6583,16.1086,-59.5
79.675,16.1086,-59.5
79.6917,16.1086,-59.6
79.7083,16.1086,-59.8
79.725,16.1086,-59.9
79.7417,16.1086,-60
79.7583,16.1086,-59.8
79.775,16.1086,-59.3
79.7917,16.1086,-58.4
79.8083,16.1086,-57.1
79.825,16.1086,-55.5
79.8417,16.1086,-53.7
79.8583,16.1086,-51.6
79.875,16.1086,-49.5
79.8917,16.1086,-47.4
79.9083,16.1086,-45.4
79.925,16.1086,-43.6
79.9417,16.1086,-41.9
79.9583,16.1086,-40.4
79.975,16.1086,-39
79.9917,16.1086,-37.7
80.0083,16.1086,-36.6
77.2083,16.0926,-39.1
77.225,16.0926,-38.6
77.2417,16.0926,-38.2
77.2583,16.0926,-38
77.275,16.0926,-37.9
77.2917,16.0926,-38
77.3083,16.0926,-38.1
77.325,16.0926,-38.4
77.3417,16.0926,-38.6
77.3583,16.0926,-38.8
77.375,16.0926,-39
77.3917,16.0926,-39.1
77.4083,16.0926,-39.2
77.425,16.0926,-39.2
77.4417,16.0926,-39.2
77.4583,16.0926,-39.1
77.475,16.0926,-39
77.4917,16.0926,-38.9
77.5083,16.0926,-38.8
77.525,16.0926,-38.7
77.5417,16.0926,-38.7
77.5583,16.0926,-38.9
77.575,16.0926,-39.2
77.5917,16.0926,-39.6
77.6083,16.0926,-40.2
77.625,16.0926,-40.7
77.6417,16.0926,-41.2
77.6583,16.0926,-41.6
77.675,16.0926,-41.7
77.6917,16.0926,-41.7
77.7083,16.0926,-41.7
77.725,16.0926,-41.7
77.7417,16.0926,-41.9
77.7583,16.0926,-42.4
77.775,16.0926,-43.4
77.7917,16.0926,-44.6
77.8083,16.0926,-46.2
77.825,16.0926,-47.9
77.8417,16.0926,-49.5
77.8583,16.0926,-51
77.875,16.0926,-52.2
77.8917,16.0926,-53.3
77.9083,16.0926,-54.1
77.925,16.0926,-54.9
77.9417,16.0926,-55.8
77.9583,16.0926,-56.7
77.975,16.0926,-57.6
77.9917,16.0926,-58.5
78.0083,16.0926,-59.2
78.025,16.0926,-59.5
78.0417,16.0926,-59.4
78.0583,16.0926,-59
78.075,16.0926,-58.2
78.0917,16.0926,-57.5
78.1083,16.0926,-56.9
78.125,16.0926,-56.7
78.1417,16.0926,-56.9
78.1583,16.0926,-57.6
78.175,16.0926,-58.5
78.1917,16.0926,-59.3
78.2083,16.0926,-59.8
78.225,16.0926,-59.7
78.2417,16.0926,-59
78.2583,16.0926,-57.8
78.275,16.0926,-56.2
78.2917,16.0926,-54.6
78.3083,16.0926,-53.3
78.325,16.0926,-52.4
78.3417,16.0926,-52.1
78.3583,16.0926,-52.1
78.375,16.0926,-52
78.3917,16.0926,-51.5
78.4083,16.0926,-50.1
78.425,16.0926,-47.6
78.4417,16.0926,-43.8
78.4583,16.0926,-39
78.475,16.0926,-33.6
78.4917,16.0926,-28.4
78.5083,16.0926,-23.7
78.525,16.0926,-20.4
78.5417,16.0926,-18.5
78.5583,16.0926,-18.2
78.575,16.0926,-19.3
78.5917,16.0926,-21.2
78.6083,16.0926,-23.5
78.625,16.0926,-25.5
78.6417,16.0926,-27
78.6583,16.0926,-27.6
78.675,16.0926,-27.4
78.6917,16.0926,-26.6
78.7083,16.0926,-25.7
78.725,16.0926,-25
78.7417,16.0926,-24.9
78.7583,16.0926,-25.7
78.775,16.0926,-27.4
78.7917,16.0926,-29.9
78.8083,16.0926,-32.8
78.825,16.0926,-35.6
78.8417,16.0926,-37.9
78.8583,16.0926,-39
78.875,16.0926,-38.7
78.8917,16.0926,-36.8
78.9083,16.0926,-33.3
78.925,16.0926,-28.5
78.9417,16.0926,-22.8
78.9583,16.0926,-16.7
78.975,16.0926,-10.9
78.9917,16.0926,-6
79.0083,16.0926,-2.3
79.025,16.0926,-0.3
79.0417,16.0926,0.1
79.0583,16.0926,-1.3
79.075,16.0926,-4.1
79.0917,16.0926,-7.9
79.1083,16.0926,-12.6
79.125,16.0926,-17.7
79.1417,16.0926,-23
79.1583,16.0926,-28.2
79.175,16.0926,-33.3
79.1917,16.0926,-38.2
79.2083,16.0926,-43
79.225,16.0926,-47.6
79.2417,16.0926,-51.9
79.2583,16.0926,-55.9
79.275,16.0926,-59.5
79.2917,16.0926,-62.6
79.3083,16.0926,-65
79.325,16.0926,-66.8
79.3417,16.0926,-68
79.3583,16.0926,-68.5
79.375,16.0926,-68.6
79.3917,16.0926,-68.2
79.4083,16.0926,-67.7
79.425,16.0926,-67.1
79.4417,16.0926,-66.4
79.4583,16.0926,-65.8
79.475,16.0926,-65.3
79.4917,16.0926,-64.8
79.5083,16.0926,-64.4
79.525,16.0926,-64
79.5417,16.0926,-63.6
79.5583,16.0926,-63.2
79.575,16.0926,-62.8
79.5917,16.0926,-62.4
79.6083,16.0926,-62.1
79.625,16.0926,-61.7
79.6417,16.0926,-61.5
79.6583,16.0926,-61.2
79.675,16.0926,-61
79.6917,16.0926,-60.9
79.7083,16.0926,-60.7
79.725,16.0926,-60.5
79.7417,16.0926,-60.2
79.7583,16.0926,-59.8
79.775,16.0926,-59
79.7917,16.0926,-58
79.8083,16.0926,-56.7
79.825,16.0926,-55
79.8417,16.0926,-53.1
79.8583,16.0926,-50.9
79.875,16.0926,-48.7
79.8917,16.0926,-46.5
79.9083,16.0926,-44.3
79.925,16.0926,-42.3
79.9417,16.0926,-40.5
79.9583,16.0926,-38.9
79.975,16.0926,-37.6
79.9917,16.0926,-36.4
80.0083,16.0926,-35.4
77.2083,16.0765,-40
77.225,16.0765,-39.5
77.2417,16.0765,-39.1
77.2583,16.0765,-38.9
77.275,16.0765,-38.8
77.2917,16.0765,-38.9
77.3083,16.0765,-39.1
77.325,16.0765,-39.3
77.3417,16.0765,-39.6
77.3583,16.0765,-39.9
77.375,16.0765,-40.1
77.3917,16.0765,-40.2
77.4083,16.0765,-40.2
77.425,16.0765,-40.2
77.4417,16.0765,-40
77.4583,16.0765,-39.9
77.475,16.0765,-39.8
77.4917,16.0765,-39.6
77.5083,16.0765,-39.6
77.525,16.0765,-39.6
77.5417,16.0765,-39.7
77.5583,16.0765,-39.9
77.575,16.0765,-40.3
77.5917,16.0765,-40.7
77.6083,16.0765,-41.3
77.625,16.0765,-41.7
77.6417,16.0765,-42.2
77.6583,16.0765,-42.4
77.675,16.0765,-42.6
77.6917,16.0765,-42.6
77.7083,16.0765,-42.5
77.725,16.0765,-42.6
77.7417,16.0765,-42.9
77.7583,16.0765,-43.4
77.775,16.0765,-44.4
77.7917,16.0765,-45.6
77.8083,16.0765,-47
77.825,16.0765,-48.5
77.8417,16.0765,-50
77.8583,16.0765,-51.3
77.875,16.0765,-52.4
77.8917,16.0765,-53.4
77.9083,16.0765,-54.3
77.925,16.0765,-55.3
77.9417,16.0765,-56.3
77.9583,16.0765,-57.4
77.975,16.0765,-58.6
77.9917,16.0765,-59.7
78.0083,16.0765,-60.6
78.025,16.0765,-61.2
78.0417,16.0765,-61.3
78.0583,16.0765,-61
78.075,16.0765,-60.5
78.0917,16.0765,-59.9
78.1083,16.0765,-59.5
78.125,16.0765,-59.4
78.1417,16.0765,-59.7
78.1583,16.0765,-60.4
78.175,16.0765,-61.3
78.1917,16.0765,-62.1
78.2083,16.0765,-62.5
78.225,16.0765,-62.4
78.2417,16.0765,-61.6
78.2583,16.0765,-60.3
78.275,16.0765,-58.7
78.2917,16.0765,-57
78.3083,16.0765,-55.6
78.325,16.0765,-54.6
78.3417,16.0765,-54
78.3583,16.0765,-53.7
78.375,16.0765,-53.4
78.3917,16.0765,-52.5
78.4083,16.0765,-50.8
78.425,16.0765,-48.1
78.4417,16.0765,-44.3
78.4583,16.0765,-39.8
78.475,16.0765,-34.8
78.4917,16.0765,-30.2
78.5083,16.0765,-26.4
78.525,16.0765,-23.8
78.5417,16.0765,-22.8
78.5583,16.0765,-23.2
78.575,16.0765,-24.7
78.5917,16.0765,-26.9
78.6083,16.0765,-29.2
78.625,16.0765,-31.1
78.6417,16.0765,-32.1
78.6583,16.0765,-32.2
78.675,16.0765,-31.5
78.6917,16.0765,-30.2
78.7083,16.0765,-28.7
78.725,16.0765,-27.5
78.7417,16.0765,-27
78.7583,16.0765,-27.5
78.775,16.0765,-28.8
78.7917,16.0765,-30.8
78.8083,16.0765,-33.1
78.825,16.0765,-35.3
78.8417,16.0765,-36.9
78.8583,16.0765,-37.3
78.875,16.0765,-36.3
78.8917,16.0765,-33.8
78.9083,16.0765,-29.8
78.925,16.0765,-24.7
78.9417,16.0765,-18.9
78.9583,16.0765,-12.9
78.975,16.0765,-7.4
78.9917,16.0765,-2.9
79.0083,16.0765,0.2
79.025,16.0765,1.6
79.0417,16.0765,1.2
79.0583,16.0765,-0.8
79.075,16.0765,-4.2
79.0917,16.0765,-8.7
79.1083,16.0765,-13.9
79.125,16.0765,-19.4
79.1417,16.0765,-25.1
79.1583,16.0765,-30.6
79.175,16.0765,-36
79.1917,16.0765,-41.2
79.2083,16.0765,-46.1
79.225,16.0765,-50.6
79.2417,16.0765,-54.8
79.2583,16.0765,-58.6
79.275,16.0765,-61.9
79.2917,16.0765,-64.6
79.3083,16.0765,-66.7
79.325,16.0765,-68
79.3417,16.0765,-68.8
79.3583,16.0765,-69
79.375,16.0765,-68.8
79.3917,16.0765,-68.4
79.4083,16.0765,-67.8
79.425,16.0765,-67.2
79.4417,16.0765,-66.7
79.4583,16.0765,-66.2
79.475,16.0765,-65.8
79.4917,16.0765,-65.4
79.5083,16.0765,-65.1
79.525,16.0765,-64.8
79.5417,16.0765,-64.6
79.5583,16.0765,-64.3
79.575,16.0765,-64.1
79.5917,16.0765,-63.9
79.6083,16.0765,-63.6
79.625,16.0765,-63.3
79.6417,16.0765,-63
79.6583,16.0765,-62.7
79.675,16.0765,-62.3
79.6917,16.0765,-61.9
79.7083,16.0765,-61.5
79.725,16.0765,-61
79.7417,16.0765,-60.4
79.7583,16.0765,-59.7
79.775,16.0765,-58.8
79.7917,16.0765,-57.7
79.8083,16.0765,-56.2
79.825,16.0765,-54.5
79.8417,16.0765,-52.5
79.8583,16.0765,-50.3
79.875,16.0765,-47.9
79.8917,16.0765,-45.5
79.9083,16.0765,-43.2
79.925,16.0765,-41
79.9417,16.0765,-39
79.9583,16.0765,-37.3
79.975,16.0765,-36
79.9917,16.0765,-34.9
80.0083,16.0765,-34.1
77.2083,16.0605,-41.1
77.225,16.0605,-40.5
77.2417,16.0605,-40.1
77.2583,16.0605,-39.9
77.275,16.0605,-39.8
77.2917,16.0605,-39.9
77.3083,16.0605,-40.2
77.325,16.0605,-40.5
77.3417,16.0605,-40.9
77.3583,16.0605,-41.1
77.375,16.0605,-41.4
77.3917,16.0605,-41.4
77.4083,16.0605,-41.4
77.425,16.0605,-41.3
77.4417,16.0605,-41.1
77.4583,16.0605,-40.9
77.475,16.0605,-40.7
77.4917,16.0605,-40.6
77.5083,16.0605,-40.5
77.525,16.0605,-40.5
77.5417,16.0605,-40.7
77.5583,16.0605,-41
77.575,16.0605,-41.3
77.5917,16.0605,-41.8
77.6083,16.0605,-42.2
77.625,16.0605,-42.7
77.6417,16.0605,-43
77.6583,16.0605,-43.3
77.675,16.0605,-43.4
77.6917,16.0605,-43.5
77.7083,16.0605,-43.6
77.725,16.0605,-43.8
77.7417,16.0605,-44.1
77.7583,16.0605,-44.8
77.775,16.0605,-45.6
77.7917,16.0605,-46.7
77.8083,16.0605,-47.9
77.825,16.0605,-49.2
77.8417,16.0605,-50.4
77.8583,16.0605,-51.5
77.875,16.0605,-52.5
77.8917,16.0605,-53.5
77.9083,16.0605,-54.4
77.925,16.0605,-55.4
77.9417,16.0605,-56.6
77.9583,16.0605,-58
77.975,16.0605,-59.4
77.9917,16.0605,-60.7
78.0083,16.0605,-61.8
78.025,16.0605,-62.5
78.0417,16.0605,-62.9
78.0583,16.0605,-62.8
78.075,16.0605,-62.5
78.0917,16.0605,-62.2
78.1083,16.0605,-61.9
78.125,16.0605,-62
78.1417,16.0605,-62.4
78.1583,16.0605,-63.1
78.175,16.0605,-64
78.1917,16.0605,-64.7
78.2083,16.0605,-65
78.225,16.0605,-64.8
78.2417,16.0605,-64
78.2583,16.0605,-62.7
78.275,16.0605,-61
78.2917,16.0605,-59.3
78.3083,16.0605,-57.9
78.325,16.0605,-56.8
78.3417,16.0605,-56
78.3583,16.0605,-55.4
78.375,16.0605,-54.8
78.3917,16.0605,-53.6
78.4083,16.0605,-51.7
78.425,16.0605,-48.9
78.4417,16.0605,-45.1
78.4583,16.0605,-40.9
78.475,16.0605,-36.5
78.4917,16.0605,-32.5
78.5083,16.0605,-29.3
78.525,16.0605,-27.5
78.5417,16.0605,-27
78.5583,16.0605,-27.8
78.575,16.0605,-29.6
78.5917,16.0605,-31.7
78.6083,16.0605,-33.8
78.625,16.0605,-35.2
78.6417,16.0605,-35.8
78.6583,16.0605,-35.4
78.675,16.0605,-34.1
78.6917,16.0605,-32.4
78.7083,16.0605,-30.6
78.725,16.0605,-29.1
78.7417,16.0605,-28.3
78.7583,16.0605,-28.3
78.775,16.0605,-29.1
78.7917,16.0605,-30.5
78.8083,16.0605,-32.1
78.825,16.0605,-33.5
78.8417,16.0605,-34.2
78.8583,16.0605,-33.8
78.875,16.0605,-32.2
78.8917,16.0605,-29.2
78.9083,16.0605,-25
78.925,16.0605,-20
78.9417,16.0605,-14.5
78.9583,16.0605,-9.2
78.975,16.0605,-4.5
78.9917,16.0605,-1
79.0083,16.0605,1.1
79.025,16.0605,1.6
79.0417,16.0605,0.3
79.0583,16.0605,-2.4
79.075,16.0605,-6.5
79.0917,16.0605,-11.4
79.1083,16.0605,-17
79.125,16.0605,-22.8
79.1417,16.0605,-28.7
79.1583,16.0605,-34.3
79.175,16.0605,-39.8
79.1917,16.0605,-44.9
79.2083,16.0605,-49.7
79.225,16.0605,-54.1
79.2417,16.0605,-58.1
79.2583,16.0605,-61.5
79.275,16.0605,-64.3
79.2917,16.0605,-66.5
79.3083,16.0605,-68.1
79.325,16.0605,-69
79.3417,16.0605,-69.3
79.3583,16.0605,-69.3
79.375,16.0605,-68.9
79.3917,16.0605,-68.4
79.4083,16.0605,-67.9
79.425,16.0605,-67.4
79.4417,16.0605,-67
79.4583,16.0605,-66.7
79.475,16.0605,-66.5
79.4917,16.0605,-66.2
79.5083,16.0605,-66
79.525,16.0605,-65.8
79.5417,16.0605,-65.7
79.5583,16.0605,-65.5
79.575,16.0605,-65.3
79.5917,16.0605,-65.2
79.6083,16.0605,-65
79.625,16.0605,-64.7
79.6417,16.0605,-64.4
79.6583,16.0605,-63.9
79.675,16.0605,-63.4
79.6917,16.0605,-62.8
79.7083,16.0605,-62.1
79.725,16.0605,-61.3
79.7417,16.0605,-60.5
79.7583,16.0605,-59.6
79.775,16.0605,-58.6
79.7917,16.0605,-57.4
79.8083,16.0605,-55.9
79.825,16.0605,-54.2
79.8417,16.0605,-52.1
79.8583,16.0605,-49.8
79.875,16.0605,-47.3
79.8917,16.0605,-44.7
79.9083,16.0605,-42.1
79.925,16.0605,-39.7
79.9417,16.0605,-37.6
79.9583,16.0605,-35.8
79.975,16.0605,-34.3
79.9917,16.0605,-33.3
80.0083,16.0605,-32.6
77.2083,16.0445,-42.1
77.225,16.0445,-41.6
77.2417,16.0445,-41.2
77.2583,16.0445,-41
77.275,16.0445,-40.9
77.2917,16.0445,-41.1
77.3083,16.0445,-41.4
77.325,16.0445,-41.7
77.3417,16.0445,-42.1
77.3583,16.0445,-42.5
77.375,16.0445,-42.7
77.3917,16.0445,-42.8
77.4083,16.0445,-42.7
77.425,16.0445,-42.5
77.4417,16.0445,-42.3
77.4583,16.0445,-42
77.475,16.0445,-41.8
77.4917,16.0445,-41.6
77.5083,16.0445,-41.6
77.525,16.0445,-41.6
77.5417,16.0445,-41.8
77.5583,16.0445,-42
77.575,16.0445,-42.3
77.5917,16.0445,-42.7
77.6083,16.0445,-43.1
77.625,16.0445,-43.5
77.6417,16.0445,-43.8
77.6583,16.0445,-44.1
77.675,16.0445,-44.3
77.6917,16.0445,-44.5
77.7083,16.0445,-44.7
77.725,16.0445,-45
77.7417,16.0445,-45.5
77.7583,16.0445,-46.1
77.775,16.0445,-46.9
77.7917,16.0445,-47.9
77.8083,16.0445,-48.9
77.825,16.0445,-49.9
77.8417,16.0445,-50.8
77.8583,16.0445,-51.7
77.875,16.0445,-52.5
77.8917,16.0445,-53.3
77.9083,16.0445,-54.3
77.925,16.0445,-55.4
77.9417,16.0445,-56.7
77.9583,16.0445,-58.1
77.975,16.0445,-59.7
77.9917,16.0445,-61.2
78.0083,16.0445,-62.5
78.025,16.0445,-63.4
78.0417,16.0445,-64
78.0583,16.0445,-64.2
78.075,16.0445,-64.1
78.0917,16.0445,-64
78.1083,16.0445,-64
78.125,16.0445,-64.2
78.1417,16.0445,-64.7
78.1583,16.0445,-65.4
78.175,16.0445,-66.3
78.1917,16.0445,-66.9
78.2083,16.0445,-67.1
78.225,16.0445,-66.8
78.2417,16.0445,-66
78.2583,16.0445,-64.7
78.275,16.0445,-63.1
78.2917,16.0445,-61.5
78.3083,16.0445,-60
78.325,16.0445,-58.9
78.3417,16.0445,-58
78.3583,16.0445,-57.2
78.375,16.0445,-56.3
78.3917,16.0445,-54.9
78.4083,16.0445,-52.8
78.425,16.0445,-50
78.4417,16.0445,-46.4
78.4583,16.0445,-42.5
78.475,16.0445,-38.5
78.4917,16.0445,-35.1
78.5083,16.0445,-32.5
78.525,16.0445,-31.1
78.5417,16.0445,-31
78.5583,16.0445,-31.8
78.575,16.0445,-33.5
78.5917,16.0445,-35.3
78.6083,16.0445,-36.8
78.625,16.0445,-37.7
78.6417,16.0445,-37.8
78.6583,16.0445,-36.9
78.675,16.0445,-35.3
78.6917,16.0445,-33.3
78.7083,16.0445,-31.3
78.725,16.0445,-29.7
78.7417,16.0445,-28.6
78.7583,16.0445,-28.2
78.775,16.0445,-28.5
78.7917,16.0445,-29.1
78.8083,16.0445,-29.9
78.825,16.0445,-30.4
78.8417,16.0445,-30.2
78.8583,16.0445,-29.2
78.875,16.0445,-27
78.8917,16.0445,-23.9
78.9083,16.0445,-19.8
78.925,16.0445,-15.3
78.9417,16.0445,-10.7
78.9583,16.0445,-6.4
78.975,16.0445,-2.9
78.9917,16.0445,-0.7
79.0083,16.0445,0.2
79.025,16.0445,-0.5
79.0417,16.0445,-2.7
79.0583,16.0445,-6.1
79.075,16.0445,-10.7
79.0917,16.0445,-15.9
79.1083,16.0445,-21.6
79.125,16.0445,-27.4
79.1417,16.0445,-33.1
79.1583,16.0445,-38.7
79.175,16.0445,-43.9
79.1917,16.0445,-48.8
79.2083,16.0445,-53.3
79.225,16.0445,-57.4
79.2417,16.0445,-61
79.2583,16.0445,-64
79.275,16.0445,-66.4
79.2917,16.0445,-68.1
79.3083,16.0445,-69.2
79.325,16.0445,-69.7
79.3417,16.0445,-69.7
79.3583,16.0445,-69.4
79.375,16.0445,-69
79.3917,16.0445,-68.5
79.4083,16.0445,-68.1
79.425,16.0445,-67.8
79.4417,16.0445,-67.6
79.4583,16.0445,-67.4
79.475,16.0445,-67.3
79.4917,16.0445,-67.2
79.5083,16.0445,-67.1
79.525,16.0445,-66.9
79.5417,16.0445,-66.7
79.5583,16.0445,-66.5
79.575,16.0445,-66.3
79.5917,16.0445,-66.1
79.6083,16.0445,-65.9
79.625,16.0445,-65.6
79.6417,16.0445,-65.2
79.6583,16.0445,-64.7
79.675,16.0445,-64.1
79.6917,16.0445,-63.3
79.7083,16.0445,-62.4
79.725,16.0445,-61.5
79.7417,16.0445,-60.6
79.7583,16.0445,-59.6
79.775,16.0445,-58.5
79.7917,16.0445,-57.2
79.8083,16.0445,-55.7
79.825,16.0445,-53.9
79.8417,16.0445,-51.8
79.8583,16.0445,-49.4
79.875,16.0445,-46.8
79.8917,16.0445,-44
79.9083,16.0445,-41.3
79.925,16.0445,-38.7
79.9417,16.0445,-36.3
79.9583,16.0445,-34.4
79.975,16.0445,-32.8
79.9917,16.0445,-31.8
80.0083,16.0445,-31.2
77.2083,16.0285,-43.1
77.225,16.0285,-42.7
77.2417,16.0285,-42.3
77.2583,16.0285,-42.1
77.275,16.0285,-42.1
77.2917,16.0285,-42.3
77.3083,16.0285,-42.6
77.325,16.0285,-43
77.3417,16.0285,-43.5
77.3583,16.0285,-43.8
77.375,16.0285,-44.1
77.3917,16.0285,-44.1
77.4083,16.0285,-44
77.425,16.0285,-43.8
77.4417,16.0285,-43.5
77.4583,16.0285,-43.2
77.475,16.0285,-43
77.4917,16.0285,-42.8
77.5083,16.0285,-42.8
77.525,16.0285,-42.8
77.5417,16.0285,-42.9
77.5583,16.0285,-43.1
77.575,16.0285,-43.3
77.5917,16.0285,-43.6
77.6083,16.0285,-43.9
77.625,16.0285,-44.2
77.6417,16.0285,-44.5
77.6583,16.0285,-44.7
77.675,16.0285,-45.1
77.6917,16.0285,-45.4
77.7083,16.0285,-45.8
77.725,16.0285,-46.2
77.7417,16.0285,-46.8
77.7583,16.0285,-47.4
77.775,16.0285,-48.1
77.7917,16.0285,-48.9
77.8083,16.0285,-49.7
77.825,16.0285,-50.4
77.8417,16.0285,-51.1
77.8583,16.0285,-51.7
77.875,16.0285,-52.3
77.8917,16.0285,-53.1
77.9083,16.0285,-54
77.925,16.0285,-55.1
77.9417,16.0285,-56.4
77.9583,16.0285,-58
77.975,16.0285,-59.6
77.9917,16.0285,-61.2
78.0083,16.0285,-62.6
78.025,16.0285,-63.6
78.0417,16.0285,-64.4
78.0583,16.0285,-64.8
78.075,16.0285,-65
78.0917,16.0285,-65.2
78.1083,16.0285,-65.4
78.125,16.0285,-65.8
78.1417,16.0285,-66.5
78.1583,16.0285,-67.2
78.175,16.0285,-68
78.1917,16.0285,-68.6
78.2083,16.0285,-68.8
78.225,16.0285,-68.4
78.2417,16.0285,-67.6
78.2583,16.0285,-66.4
78.275,16.0285,-64.9
78.2917,16.0285,-63.4
78.3083,16.0285,-62.1
78.325,16.0285,-60.9
78.3417,16.0285,-60
78.3583,16.0285,-59.1
78.375,16.0285,-58
78.3917,16.0285,-56.4
78.4083,16.0285,-54.3
78.425,16.0285,-51.5
78.4417,16.0285,-48.1
78.4583,16.0285,-44.5
78.475,16.0285,-41
78.4917,16.0285,-38
78.5083,16.0285,-35.7
78.525,16.0285,-34.6
78.5417,16.0285,-34.4
78.5583,16.0285,-35.1
78.575,16.0285,-36.2
78.5917,16.0285,-37.4
78.6083,16.0285,-38.4
78.625,16.0285,-38.6
78.6417,16.0285,-38.1
78.6583,16.0285,-36.9
78.675,16.0285,-35.1
78.6917,16.0285,-33.1
78.7083,16.0285,-31
78.725,16.0285,-29.3
78.7417,16.0285,-28.1
78.7583,16.0285,-27.3
78.775,16.0285,-27
78.7917,16.0285,-26.9
78.8083,16.0285,-26.8
78.825,16.0285,-26.4
78.8417,16.0285,-25.4
78.8583,16.0285,-23.7
78.875,16.0285,-21.4
78.8917,16.0285,-18.4
78.9083,16.0285,-14.9
78.925,16.0285,-11.4
78.9417,16.0285,-8
78.9583,16.0285,-5.2
78.975,16.0285,-3.3
78.9917,16.0285,-2.5
79.0083,16.0285,-3
79.025,16.0285,-4.8
79.0417,16.0285,-7.8
79.0583,16.0285,-11.8
79.075,16.0285,-16.6
79.0917,16.0285,-21.7
79.1083,16.0285,-27.2
79.125,16.0285,-32.7
79.1417,16.0285,-38
79.1583,16.0285,-43.1
79.175,16.0285,-47.9
79.1917,16.0285,-52.4
79.2083,16.0285,-56.5
79.225,16.0285,-60.2
79.2417,16.0285,-63.4
79.2583,16.0285,-66
79.275,16.0285,-68
79.2917,16.0285,-69.3
79.3083,16.0285,-70
79.325,16.0285,-70.2
79.3417,16.0285,-70
79.3583,16.0285,-69.6
79.375,16.0285,-69.1
79.3917,16.0285,-68.7
79.4083,16.0285,-68.4
79.425,16.0285,-68.3
79.4417,16.0285,-68.3
79.4583,16.0285,-68.3
79.475,16.0285,-68.3
79.4917,16.0285,-68.2
79.5083,16.0285,-68.1
79.525,16.0285,-67.8
79.5417,16.0285,-67.5
79.5583,16.0285,-67.2
79.575,16.0285,-67
79.5917,16.0285,-66.7
79.6083,16.0285,-66.4
79.625,16.0285,-66.1
79.6417,16.0285,-65.6
79.6583,16.0285,-65.1
79.675,16.0285,-64.4
79.6917,16.0285,-63.5
79.7083,16.0285,-62.6
79.725,16.0285,-61.6
79.7417,16.0285,-60.6
79.7583,16.0285,-59.5
79.775,16.0285,-58.4
79.7917,16.0285,-57.1
79.8083,16.0285,-55.6
79.825,16.0285,-53.8
79.8417,16.0285,-51.6
79.8583,16.0285,-49.2
79.875,16.0285,-46.4
79.8917,16.0285,-43.6
79.9083,16.0285,-40.6
79.925,16.0285,-37.9
79.9417,16.0285,-35.4
79.9583,16.0285,-33.3
79.975,16.0285,-31.6
79.9917,16.0285,-30.5
80.0083,16.0285,-29.9
77.2083,16.0125,-44.2
77.225,16.0125,-43.8
77.2417,16.0125,-43.4
77.2583,16.0125,-43.3
77.275,16.0125,-43.2
77.2917,16.0125,-43.4
77.3083,16.0125,-43.8
77.325,16.0125,-44.2
77.3417,16.0125,-44.7
77.3583,16.0125,-45.1
77.375,16.0125,-45.3
77.3917,16.0125,-45.4
77.4083,16.0125,-45.2
77.425,16.0125,-45
77.4417,16.0125,-44.7
77.4583,16.0125,-44.4
77.475,16.0125,-44.1
77.4917,16.0125,-44
77.5083,16.0125,-43.9
77.525,16.0125,-43.9
77.5417,16.0125,-44
77.5583,16.0125,-44.1
77.575,16.0125,-44.3
77.5917,16.0125,-44.4
77.6083,16.0125,-44.6
77.625,16.0125,-44.8
77.6417,16.0125,-45
77.6583,16.0125,-45.3
77.675,16.0125,-45.7
77.6917,16.0125,-46.1
77.7083,16.0125,-46.6
77.725,16.0125,-47.2
77.7417,16.0125,-47.8
77.7583,16.0125,-48.4
77.775,16.0125,-49
77.7917,16.0125,-49.6
77.8083,16.0125,-50.2
77.825,16.0125,-50.7
77.8417,16.0125,-51.1
77.8583,16.0125,-51.6
77.875,16.0125,-52.1
77.8917,16.0125,-52.8
77.9083,16.0125,-53.6
77.925,16.0125,-54.7
77.9417,16.0125,-56
77.9583,16.0125,-57.5
77.975,16.0125,-59.2
77.9917,16.0125,-60.7
78.0083,16.0125,-62.1
78.025,16.0125,-63.3
78.0417,16.0125,-64.2
78.0583,16.0125,-64.9
78.075,16.0125,-65.3
78.0917,16.0125,-65.8
78.1083,16.0125,-66.3
78.125,16.0125,-66.9
78.1417,16.0125,-67.7
78.1583,16.0125,-68.5
78.175,16.0125,-69.2
78.1917,16.0125,-69.8
78.2083,16.0125,-69.9
78.225,16.0125,-69.6
78.2417,16.0125,-68.9
78.2583,16.0125,-67.8
78.275,16.0125,-66.5
78.2917,16.0125,-65.2
78.3083,16.0125,-63.9
78.325,16.0125,-62.9
78.3417,16.0125,-61.9
78.3583,16.0125,-61
78.375,16.0125,-59.8
78.3917,16.0125,-58.2
78.4083,16.0125,-56
78.425,16.0125,-53.4
78.4417,16.0125,-50.2
78.4583,16.0125,-47
78.475,16.0125,-43.8
78.4917,16.0125,-41.1
78.5083,16.0125,-39.1
78.525,16.0125,-37.9
78.5417,16.0125,-37.5
78.5583,16.0125,-37.7
78.575,16.0125,-38.2
78.5917,16.0125,-38.6
78.6083,16.0125,-38.8
78.625,16.0125,-38.4
78.6417,16.0125,-37.5
78.6583,16.0125,-36
78.675,16.0125,-34.2
78.6917,16.0125,-32.2
78.7083,16.0125,-30.2
78.725,16.0125,-28.5
78.7417,16.0125,-27.1
78.7583,16.0125,-25.9
78.775,16.0125,-25
78.7917,16.0125,-24.1
78.8083,16.0125,-23.2
78.825,16.0125,-21.9
78.8417,16.0125,-20.3
78.8583,16.0125,-18.4
78.875,16.0125,-16.1
78.8917,16.0125,-13.6
78.9083,16.0125,-11.1
78.925,16.0125,-8.9
78.9417,16.0125,-7.1
78.9583,16.0125,-6.1
78.975,16.0125,-5.8
78.9917,16.0125,-6.6
79.0083,16.0125,-8.4
79.025,16.0125,-11.1
79.0417,16.0125,-14.7
79.0583,16.0125,-18.9
79.075,16.0125,-23.6
79.0917,16.0125,-28.5
79.1083,16.0125,-33.4
79.125,16.0125,-38.2
79.1417,16.0125,-42.8
79.1583,16.0125,-47.2
79.175,16.0125,-51.4
79.1917,16.0125,-55.3
79.2083,16.0125,-58.9
79.225,16.0125,-62.2
79.2417,16.0125,-65.1
79.2583,16.0125,-67.3
79.275,16.0125,-69.1
79.2917,16.0125,-70.1
79.3083,16.0125,-70.6
79.325,16.0125,-70.6
79.3417,16.0125,-70.3
79.3583,16.0125,-69.9
79.375,16.0125,-69.4
79.3917,16.0125,-69.1
79.4083,16.0125,-68.9
79.425,16.0125,-68.9
79.4417,16.0125,-69
79.4583,16.0125,-69.1
79.475,16.0125,-69.2
79.4917,16.0125,-69.1
79.5083,16.0125,-68.9
79.525,16.0125,-68.5
79.5417,16.0125,-68
79.5583,16.0125,-67.6
79.575,16.0125,-67.2
79.5917,16.0125,-66.8
79.6083,16.0125,-66.4
79.625,16.0125,-66
79.6417,16.0125,-65.6
79.6583,16.0125,-65
79.675,16.0125,-64.3
79.6917,16.0125,-63.5
79.7083,16.0125,-62.5
79.725,16.0125,-61.6
79.7417,16.0125,-60.5
79.7583,16.0125,-59.4
79.775,16.0125,-58.3
79.7917,16.0125,-57
79.8083,16.0125,-55.4
79.825,16.0125,-53.6
79.8417,16.0125,-51.4
79.8583,16.0125,-48.9
79.875,16.0125,-46.2
79.8917,16.0125,-43.2
79.9083,16.0125,-40.2
79.925,16.0125,-37.4
79.9417,16.0125,-34.7
79.9583,16.0125,-32.5
79.975,16.0125,-30.8
79.9917,16.0125,-29.6
80.0083,16.0125,-29
77.2083,15.9965,-45.2
77.225,15.9965,-44.8
77.2417,15.9965,-44.5
77.2583,15.9965,-44.3
77.275,15.9965,-44.3
77.2917,15.9965,-44.5
77.3083,15.9965,-44.8
77.325,15.9965,-45.3
77.3417,15.9965,-45.8
77.3583,15.9965,-46.2
77.375,15.9965,-46.4
77.3917,15.9965,-46.4
77.4083,15.9965,-46.3
77.425,15.9965,-46
77.4417,15.9965,-45.7
77.4583,15.9965,-45.4
77.475,15.9965,-45.2
77.4917,15.9965,-45.1
77.5083,15.9965,-45
77.525,15.9965,-45
77.5417,15.9965,-45.1
77.5583,15.9965,-45.1
77.575,15.9965,-45.1
77.5917,15.9965,-45.1
77.6083,15.9965,-45.2
77.625,15.9965,-45.2
77.6417,15.9965,-45.4
77.6583,15.9965,-45.7
77.675,15.9965,-46.1
77.6917,15.9965,-46.6
77.7083,15.9965,-47.2
77.725,15.9965,-47.8
77.7417,15.9965,-48.4
77.7583,15.9965,-49
77.775,15.9965,-49.5
77.7917,15.9965,-50
77.8083,15.9965,-50.4
77.825,15.9965,-50.7
77.8417,15.9965,-51
77.8583,15.9965,-51.4
77.875,15.9965,-51.9
77.8917,15.9965,-52.5
77.9083,15.9965,-53.3
77.925,15.9965,-54.3
77.9417,15.9965,-55.6
77.9583,15.9965,-57
77.975,15.9965,-58.5
77.9917,15.9965,-60
78.0083,15.9965,-61.3
78.025,15.9965,-62.5
78.0417,15.9965,-63.5
78.0583,15.9965,-64.3
78.075,15.9965,-65.1
78.0917,15.9965,-65.8
78.1083,15.9965,-66.5
78.125,15.9965,-67.4
78.1417,15.9965,-68.3
78.1583,15.9965,-69.2
78.175,15.9965,-70
78.1917,15.9965,-70.5
78.2083,15.9965,-70.7
78.225,15.9965,-70.4
78.2417,15.9965,-69.8
78.2583,15.9965,-68.9
78.275,15.9965,-67.8
78.2917,15.9965,-66.7
78.3083,15.9965,-65.7
78.325,15.9965,-64.7
78.3417,15.9965,-63.9
78.3583,15.9965,-62.9
78.375,15.9965,-61.7
78.3917,15.9965,-60.1
78.4083,15.9965,-58
78.425,15.9965,-55.6
78.4417,15.9965,-52.7
78.4583,15.9965,-49.8
78.475,15.9965,-47
78.4917,15.9965,-44.5
78.5083,15.9965,-42.6
78.525,15.9965,-41.2
78.5417,15.9965,-40.4
78.5583,15.9965,-39.9
78.575,15.9965,-39.6
78.5917,15.9965,-39.2
78.6083,15.9965,-38.6
78.625,15.9965,-37.7
78.6417,15.9965,-36.4
78.6583,15.9965,-34.8
78.675,15.9965,-33
78.6917,15.9965,-31.1
78.7083,15.9965,-29.3
78.725,15.9965,-27.6
78.7417,15.9965,-25.9
78.7583,15.9965,-24.4
78.775,15.9965,-22.8
78.7917,15.9965,-21.2
78.8083,15.9965,-19.4
78.825,15.9965,-17.5
78.8417,15.9965,-15.5
78.8583,15.9965,-13.6
78.875,15.9965,-11.8
78.8917,15.9965,-10.2
78.9083,15.9965,-9.1
78.925,15.9965,-8.5
78.9417,15.9965,-8.5
78.9583,15.9965,-9.2
78.975,15.9965,-10.7
78.9917,15.9965,-12.9
79.0083,15.9965,-15.8
79.025,15.9965,-19.3
79.0417,15.9965,-23.1
79.0583,15.9965,-27.2
79.075,15.9965,-31.5
79.0917,15.9965,-35.6
79.1083,15.9965,-39.7
79.125,15.9965,-43.6
79.1417,15.9965,-47.3
79.1583,15.9965,-50.8
79.175,15.9965,-54.2
79.1917,15.9965,-57.5
79.2083,15.9965,-60.6
79.225,15.9965,-63.4
79.2417,15.9965,-66
79.2583,15.9965,-68
79.275,15.9965,-69.6
79.2917,15.9965,-70.6
79.3083,15.9965,-71
79.325,15.9965,-71
79.3417,15.9965,-70.7
79.3583,15.9965,-70.3
79.375,15.9965,-69.9
79.3917,15.9965,-69.6
79.4083,15.9965,-69.6
79.425,15.9965,-69.6
79.4417,15.9965,-69.8
79.4583,15.9965,-69.9
79.475,15.9965,-69.9
79.4917,15.9965,-69.7
79.5083,15.9965,-69.3
79.525,15.9965,-68.8
79.5417,15.9965,-68.2
79.5583,15.9965,-67.5
79.575,15.9965,-66.9
79.5917,15.9965,-66.4
79.6083,15.9965,-66
79.625,15.9965,-65.5
79.6417,15.9965,-65.1
79.6583,15.9965,-64.6
79.675,15.9965,-63.9
79.6917,15.9965,-63.2
79.7083,15.9965,-62.3
79.725,15.9965,-61.3
79.7417,15.9965,-60.3
79.7583,15.9965,-59.2
79.775,15.9965,-58.1
79.7917,15.9965,-56.7
79.8083,15.9965,-55.2
79.825,15.9965,-53.3
79.8417,15.9965,-51.2
79.8583,15.9965,-48.7
79.875,15.9965,-45.9
79.8917,15.9965,-43
79.9083,15.9965,-39.9
79.925,15.9965,-37
79.9417,15.9965,-34.4
79.9583,15.9965,-32.1
79.975,15.9965,-30.3
79.9917,15.9965,-29
80.0083,15.9965,-28.3
