Lat,Long,Elevation
77.1083,17.1944,413
77.125,17.1944,409
77.1417,17.1944,405
77.1583,17.1944,405
77.175,17.1944,411
77.1917,17.1944,417
77.2083,17.1944,421
77.225,17.1944,417
77.2417,17.1944,423
77.2583,17.1944,423
77.275,17.1944,417
77.2917,17.1944,417
77.3083,17.1944,425
77.325,17.1944,431
77.3417,17.1944,427
77.3583,17.1944,421
77.375,17.1944,421
77.3917,17.1944,427
77.4083,17.1944,429
77.425,17.1944,439
77.4417,17.1944,445
77.4583,17.1944,457
77.475,17.1944,483
77.4917,17.1944,461
77.5083,17.1944,463
77.525,17.1944,467
77.5417,17.1944,453
77.5583,17.1944,455
77.575,17.1944,463
77.5917,17.1944,467
77.6083,17.1944,469
77.625,17.1944,465
77.6417,17.1944,475
77.6583,17.1944,481
77.675,17.1944,475
77.6917,17.1944,475
77.7083,17.1944,477
77.725,17.1944,487
77.7417,17.1944,495
77.7583,17.1944,507
77.775,17.1944,519
77.7917,17.1944,533
77.8083,17.1944,553
77.825,17.1944,555
77.8417,17.1944,565
77.8583,17.1944,569
77.875,17.1944,575
77.8917,17.1944,589
77.9083,17.1944,609
77.925,17.1944,637
77.9417,17.1944,643
77.9583,17.1944,635
77.975,17.1944,627
77.9917,17.1944,625
78.0083,17.1944,631
78.025,17.1944,633
78.0417,17.1944,647
78.0583,17.1944,641
78.075,17.1944,617
78.0917,17.1944,633
78.1083,17.1944,647
78.125,17.1944,629
78.1417,17.1944,607
78.1583,17.1944,603
78.175,17.1944,613
78.1917,17.1944,615
78.2083,17.1944,609
78.225,17.1944,603
78.2417,17.1944,599
78.2583,17.1944,587
78.275,17.1944,573
78.2917,17.1944,569
78.3083,17.1944,587
77.1083,17.1784,403
77.125,17.1784,403
77.1417,17.1784,409
77.1583,17.1784,413
77.175,17.1784,411
77.1917,17.1784,417
77.2083,17.1784,425
77.225,17.1784,425
77.2417,17.1784,425
77.2583,17.1784,429
77.275,17.1784,423
77.2917,17.1784,419
77.3083,17.1784,427
77.325,17.1784,435
77.3417,17.1784,437
77.3583,17.1784,429
77.375,17.1784,425
77.3917,17.1784,435
77.4083,17.1784,433
77.425,17.1784,439
77.4417,17.1784,469
77.4583,17.1784,501
77.475,17.1784,521
77.4917,17.1784,513
77.5083,17.1784,497
77.525,17.1784,487
77.5417,17.1784,469
77.5583,17.1784,461
77.575,17.1784,475
77.5917,17.1784,493
77.6083,17.1784,481
77.625,17.1784,483
77.6417,17.1784,489
77.6583,17.1784,495
77.675,17.1784,487
77.6917,17.1784,485
77.7083,17.1784,481
77.725,17.1784,491
77.7417,17.1784,507
77.7583,17.1784,523
77.775,17.1784,525
77.7917,17.1784,535
77.8083,17.1784,549
77.825,17.1784,563
77.8417,17.1784,565
77.8583,17.1784,581
77.875,17.1784,585
77.8917,17.1784,599
77.9083,17.1784,621
77.925,17.1784,653
77.9417,17.1784,651
77.9583,17.1784,637
77.975,17.1784,641
77.9917,17.1784,651
78.0083,17.1784,643
78.025,17.1784,633
78.0417,17.1784,653
78.0583,17.1784,639
78.075,17.1784,625
78.0917,17.1784,643
78.1083,17.1784,649
78.125,17.1784,621
78.1417,17.1784,615
78.1583,17.1784,625
78.175,17.1784,633
78.1917,17.1784,641
78.2083,17.1784,627
78.225,17.1784,609
78.2417,17.1784,595
78.2583,17.1784,583
78.275,17.1784,575
78.2917,17.1784,575
78.3083,17.1784,577
77.1083,17.1625,403
77.125,17.1625,409
77.1417,17.1625,417
77.1583,17.1625,419
77.175,17.1625,417
77.1917,17.1625,415
77.2083,17.1625,425
77.225,17.1625,433
77.2417,17.1625,431
77.2583,17.1625,433
77.275,17.1625,429
77.2917,17.1625,423
77.3083,17.1625,421
77.325,17.1625,435
77.3417,17.1625,443
77.3583,17.1625,431
77.375,17.1625,427
77.3917,17.1625,451
77.4083,17.1625,437
77.425,17.1625,443
77.4417,17.1625,515
77.4583,17.1625,541
77.475,17.1625,547
77.4917,17.1625,547
77.5083,17.1625,537
77.525,17.1625,547
77.5417,17.1625,509
77.5583,17.1625,471
77.575,17.1625,493
77.5917,17.1625,519
77.6083,17.1625,517
77.625,17.1625,525
77.6417,17.1625,523
77.6583,17.1625,513
77.675,17.1625,501
77.6917,17.1625,493
77.7083,17.1625,493
77.725,17.1625,487
77.7417,17.1625,505
77.7583,17.1625,511
77.775,17.1625,521
77.7917,17.1625,527
77.8083,17.1625,551
77.825,17.1625,567
77.8417,17.1625,573
77.8583,17.1625,589
77.875,17.1625,593
77.8917,17.1625,613
77.9083,17.1625,645
77.925,17.1625,669
77.9417,17.1625,661
77.9583,17.1625,641
77.975,17.1625,653
77.9917,17.1625,665
78.0083,17.1625,651
78.025,17.1625,637
78.0417,17.1625,655
78.0583,17.1625,647
78.075,17.1625,633
78.0917,17.1625,651
78.1083,17.1625,647
78.125,17.1625,631
78.1417,17.1625,627
78.1583,17.1625,633
78.175,17.1625,645
78.1917,17.1625,635
78.2083,17.1625,621
78.225,17.1625,605
78.2417,17.1625,595
78.2583,17.1625,583
78.275,17.1625,583
78.2917,17.1625,585
78.3083,17.1625,587
77.1083,17.1466,405
77.125,17.1466,407
77.1417,17.1466,417
77.1583,17.1466,425
77.175,17.1466,429
77.1917,17.1466,423
77.2083,17.1466,423
77.225,17.1466,431
77.2417,17.1466,437
77.2583,17.1466,437
77.275,17.1466,435
77.2917,17.1466,427
77.3083,17.1466,427
77.325,17.1466,439
77.3417,17.1466,459
77.3583,17.1466,437
77.375,17.1466,433
77.3917,17.1466,439
77.4083,17.1466,445
77.425,17.1466,449
77.4417,17.1466,493
77.4583,17.1466,513
77.475,17.1466,541
77.4917,17.1466,553
77.5083,17.1466,561
77.525,17.1466,563
77.5417,17.1466,529
77.5583,17.1466,487
77.575,17.1466,493
77.5917,17.1466,511
77.6083,17.1466,541
77.625,17.1466,555
77.6417,17.1466,551
77.6583,17.1466,527
77.675,17.1466,523
77.6917,17.1466,503
77.7083,17.1466,507
77.725,17.1466,499
77.7417,17.1466,501
77.7583,17.1466,511
77.775,17.1466,531
77.7917,17.1466,545
77.8083,17.1466,551
77.825,17.1466,569
77.8417,17.1466,583
77.8583,17.1466,599
77.875,17.1466,601
77.8917,17.1466,617
77.9083,17.1466,643
77.925,17.1466,675
77.9417,17.1466,657
77.9583,17.1466,645
77.975,17.1466,661
77.9917,17.1466,673
78.0083,17.1466,655
78.025,17.1466,645
78.0417,17.1466,663
78.0583,17.1466,653
78.075,17.1466,639
78.0917,17.1466,663
78.1083,17.1466,651
78.125,17.1466,641
78.1417,17.1466,643
78.1583,17.1466,649
78.175,17.1466,647
78.1917,17.1466,625
78.2083,17.1466,609
78.225,17.1466,605
78.2417,17.1466,597
78.2583,17.1466,591
78.275,17.1466,593
78.2917,17.1466,595
78.3083,17.1466,597
77.1083,17.1307,421
77.125,17.1307,419
77.1417,17.1307,417
77.1583,17.1307,425
77.175,17.1307,435
77.1917,17.1307,437
77.2083,17.1307,433
77.225,17.1307,429
77.2417,17.1307,441
77.2583,17.1307,445
77.275,17.1307,441
77.2917,17.1307,433
77.3083,17.1307,429
77.325,17.1307,443
77.3417,17.1307,457
77.3583,17.1307,443
77.375,17.1307,437
77.3917,17.1307,457
77.4083,17.1307,491
77.425,17.1307,461
77.4417,17.1307,483
77.4583,17.1307,529
77.475,17.1307,541
77.4917,17.1307,553
77.5083,17.1307,571
77.525,17.1307,563
77.5417,17.1307,543
77.5583,17.1307,525
77.575,17.1307,513
77.5917,17.1307,517
77.6083,17.1307,533
77.625,17.1307,559
77.6417,17.1307,569
77.6583,17.1307,557
77.675,17.1307,535
77.6917,17.1307,529
77.7083,17.1307,525
77.725,17.1307,509
77.7417,17.1307,505
77.7583,17.1307,511
77.775,17.1307,529
77.7917,17.1307,539
77.8083,17.1307,553
77.825,17.1307,575
77.8417,17.1307,597
77.8583,17.1307,609
77.875,17.1307,615
77.8917,17.1307,625
77.9083,17.1307,645
77.925,17.1307,667
77.9417,17.1307,659
77.9583,17.1307,653
77.975,17.1307,667
77.9917,17.1307,683
78.0083,17.1307,663
78.025,17.1307,661
78.0417,17.1307,679
78.0583,17.1307,661
78.075,17.1307,649
78.0917,17.1307,669
78.1083,17.1307,659
78.125,17.1307,659
78.1417,17.1307,665
78.1583,17.1307,653
78.175,17.1307,635
78.1917,17.1307,623
78.2083,17.1307,621
78.225,17.1307,611
78.2417,17.1307,599
78.2583,17.1307,601
78.275,17.1307,607
78.2917,17.1307,601
78.3083,17.1307,605
77.1083,17.1147,437
77.125,17.1147,433
77.1417,17.1147,427
77.1583,17.1147,433
77.175,17.1147,441
77.1917,17.1147,447
77.2083,17.1147,439
77.225,17.1147,437
77.2417,17.1147,445
77.2583,17.1147,449
77.275,17.1147,447
77.2917,17.1147,437
77.3083,17.1147,431
77.325,17.1147,439
77.3417,17.1147,449
77.3583,17.1147,449
77.375,17.1147,443
77.3917,17.1147,449
77.4083,17.1147,475
77.425,17.1147,489
77.4417,17.1147,485
77.4583,17.1147,507
77.475,17.1147,531
77.4917,17.1147,553
77.5083,17.1147,567
77.525,17.1147,563
77.5417,17.1147,563
77.5583,17.1147,555
77.575,17.1147,535
77.5917,17.1147,547
77.6083,17.1147,555
77.625,17.1147,559
77.6417,17.1147,559
77.6583,17.1147,563
77.675,17.1147,555
77.6917,17.1147,551
77.7083,17.1147,537
77.725,17.1147,523
77.7417,17.1147,517
77.7583,17.1147,523
77.775,17.1147,525
77.7917,17.1147,537
77.8083,17.1147,555
77.825,17.1147,567
77.8417,17.1147,583
77.8583,17.1147,599
77.875,17.1147,603
77.8917,17.1147,615
77.9083,17.1147,637
77.925,17.1147,663
77.9417,17.1147,675
77.9583,17.1147,667
77.975,17.1147,675
77.9917,17.1147,687
78.0083,17.1147,675
78.025,17.1147,675
78.0417,17.1147,675
78.0583,17.1147,681
78.075,17.1147,665
78.0917,17.1147,679
78.1083,17.1147,677
78.125,17.1147,679
78.1417,17.1147,679
78.1583,17.1147,657
78.175,17.1147,645
78.1917,17.1147,637
78.2083,17.1147,627
78.225,17.1147,615
78.2417,17.1147,607
78.2583,17.1147,613
78.275,17.1147,619
78.2917,17.1147,613
78.3083,17.1147,615
77.1083,17.0988,441
77.125,17.0988,441
77.1417,17.0988,441
77.1583,17.0988,441
77.175,17.0988,451
77.1917,17.0988,453
77.2083,17.0988,449
77.225,17.0988,447
77.2417,17.0988,447
77.2583,17.0988,451
77.275,17.0988,447
77.2917,17.0988,437
77.3083,17.0988,435
77.325,17.0988,439
77.3417,17.0988,443
77.3583,17.0988,449
77.375,17.0988,453
77.3917,17.0988,449
77.4083,17.0988,453
77.425,17.0988,459
77.4417,17.0988,469
77.4583,17.0988,477
77.475,17.0988,511
77.4917,17.0988,543
77.5083,17.0988,567
77.525,17.0988,577
77.5417,17.0988,563
77.5583,17.0988,549
77.575,17.0988,555
77.5917,17.0988,569
77.6083,17.0988,571
77.625,17.0988,551
77.6417,17.0988,543
77.6583,17.0988,553
77.675,17.0988,561
77.6917,17.0988,561
77.7083,17.0988,547
77.725,17.0988,535
77.7417,17.0988,537
77.7583,17.0988,539
77.775,17.0988,539
77.7917,17.0988,545
77.8083,17.0988,563
77.825,17.0988,575
77.8417,17.0988,583
77.8583,17.0988,587
77.875,17.0988,593
77.8917,17.0988,605
77.9083,17.0988,623
77.925,17.0988,637
77.9417,17.0988,669
77.9583,17.0988,677
77.975,17.0988,675
77.9917,17.0988,677
78.0083,17.0988,669
78.025,17.0988,659
78.0417,17.0988,653
78.0583,17.0988,665
78.075,17.0988,663
78.0917,17.0988,677
78.1083,17.0988,677
78.125,17.0988,679
78.1417,17.0988,665
78.1583,17.0988,655
78.175,17.0988,641
78.1917,17.0988,627
78.2083,17.0988,621
78.225,17.0988,615
78.2417,17.0988,615
78.2583,17.0988,623
78.275,17.0988,627
78.2917,17.0988,627
78.3083,17.0988,627
77.1083,17.0829,443
77.125,17.0829,451
77.1417,17.0829,453
77.1583,17.0829,451
77.175,17.0829,453
77.1917,17.0829,461
77.2083,17.0829,459
77.225,17.0829,455
77.2417,17.0829,457
77.2583,17.0829,457
77.275,17.0829,449
77.2917,17.0829,439
77.3083,17.0829,443
77.325,17.0829,443
77.3417,17.0829,445
77.3583,17.0829,449
77.375,17.0829,453
77.3917,17.0829,457
77.4083,17.0829,461
77.425,17.0829,465
77.4417,17.0829,483
77.4583,17.0829,493
77.475,17.0829,521
77.4917,17.0829,547
77.5083,17.0829,565
77.525,17.0829,573
77.5417,17.0829,559
77.5583,17.0829,569
77.575,17.0829,575
77.5917,17.0829,583
77.6083,17.0829,569
77.625,17.0829,545
77.6417,17.0829,535
77.6583,17.0829,551
77.675,17.0829,559
77.6917,17.0829,569
77.7083,17.0829,561
77.725,17.0829,549
77.7417,17.0829,559
77.7583,17.0829,563
77.775,17.0829,557
77.7917,17.0829,555
77.8083,17.0829,559
77.825,17.0829,563
77.8417,17.0829,573
77.8583,17.0829,579
77.875,17.0829,587
77.8917,17.0829,597
77.9083,17.0829,603
77.925,17.0829,629
77.9417,17.0829,657
77.9583,17.0829,665
77.975,17.0829,655
77.9917,17.0829,653
78.0083,17.0829,651
78.025,17.0829,651
78.0417,17.0829,641
78.0583,17.0829,645
78.075,17.0829,645
78.0917,17.0829,647
78.1083,17.0829,651
78.125,17.0829,661
78.1417,17.0829,657
78.1583,17.0829,645
78.175,17.0829,637
78.1917,17.0829,633
78.2083,17.0829,637
78.225,17.0829,627
78.2417,17.0829,625
78.2583,17.0829,631
78.275,17.0829,639
78.2917,17.0829,641
78.3083,17.0829,643
77.1083,17.0669,455
77.125,17.0669,459
77.1417,17.0669,463
77.1583,17.0669,463
77.175,17.0669,463
77.1917,17.0669,465
77.2083,17.0669,465
77.225,17.0669,465
77.2417,17.0669,469
77.2583,17.0669,467
77.275,17.0669,451
77.2917,17.0669,443
77.3083,17.0669,443
77.325,17.0669,451
77.3417,17.0669,451
77.3583,17.0669,457
77.375,17.0669,459
77.3917,17.0669,467
77.4083,17.0669,475
77.425,17.0669,479
77.4417,17.0669,487
77.4583,17.0669,511
77.475,17.0669,529
77.4917,17.0669,537
77.5083,17.0669,559
77.525,17.0669,569
77.5417,17.0669,571
77.5583,17.0669,581
77.575,17.0669,581
77.5917,17.0669,563
77.6083,17.0669,551
77.625,17.0669,539
77.6417,17.0669,529
77.6583,17.0669,539
77.675,17.0669,551
77.6917,17.0669,557
77.7083,17.0669,557
77.725,17.0669,565
77.7417,17.0669,575
77.7583,17.0669,583
77.775,17.0669,581
77.7917,17.0669,569
77.8083,17.0669,569
77.825,17.0669,569
77.8417,17.0669,581
77.8583,17.0669,599
77.875,17.0669,613
77.8917,17.0669,615
77.9083,17.0669,621
77.925,17.0669,635
77.9417,17.0669,655
77.9583,17.0669,653
77.975,17.0669,645
77.9917,17.0669,639
78.0083,17.0669,645
78.025,17.0669,639
78.0417,17.0669,631
78.0583,17.0669,633
78.075,17.0669,637
78.0917,17.0669,629
78.1083,17.0669,639
78.125,17.0669,645
78.1417,17.0669,647
78.1583,17.0669,645
78.175,17.0669,647
78.1917,17.0669,645
78.2083,17.0669,649
78.225,17.0669,639
78.2417,17.0669,639
78.2583,17.0669,631
78.275,17.0669,649
78.2917,17.0669,655
78.3083,17.0669,663
77.1083,17.051,455
77.125,17.051,463
77.1417,17.051,471
77.1583,17.051,475
77.175,17.051,475
77.1917,17.051,473
77.2083,17.051,473
77.225,17.051,477
77.2417,17.051,479
77.2583,17.051,467
77.275,17.051,457
77.2917,17.051,451
77.3083,17.051,449
77.325,17.051,457
77.3417,17.051,461
77.3583,17.051,463
77.375,17.051,471
77.3917,17.051,475
77.4083,17.051,481
77.425,17.051,489
77.4417,17.051,497
77.4583,17.051,531
77.475,17.051,567
77.4917,17.051,571
77.5083,17.051,579
77.525,17.051,585
77.5417,17.051,583
77.5583,17.051,563
77.575,17.051,555
77.5917,17.051,553
77.6083,17.051,539
77.625,17.051,529
77.6417,17.051,523
77.6583,17.051,533
77.675,17.051,539
77.6917,17.051,535
77.7083,17.051,543
77.725,17.051,555
77.7417,17.051,569
77.7583,17.051,581
77.775,17.051,589
77.7917,17.051,585
77.8083,17.051,585
77.825,17.051,575
77.8417,17.051,581
77.8583,17.051,595
77.875,17.051,619
77.8917,17.051,639
77.9083,17.051,655
77.925,17.051,643
77.9417,17.051,651
77.9583,17.051,651
77.975,17.051,643
77.9917,17.051,639
78.0083,17.051,627
78.025,17.051,623
78.0417,17.051,621
78.0583,17.051,621
78.075,17.051,623
78.0917,17.051,615
78.1083,17.051,625
78.125,17.051,625
78.1417,17.051,635
78.1583,17.051,635
78.175,17.051,623
78.1917,17.051,635
78.2083,17.051,637
78.225,17.051,647
78.2417,17.051,647
78.2583,17.051,639
78.275,17.051,645
78.2917,17.051,659
78.3083,17.051,671
77.1083,17.0351,447
77.125,17.0351,459
77.1417,17.0351,471
77.1583,17.0351,481
77.175,17.0351,487
77.1917,17.0351,483
77.2083,17.0351,487
77.225,17.0351,497
77.2417,17.0351,485
77.2583,17.0351,471
77.275,17.0351,465
77.2917,17.0351,463
77.3083,17.0351,455
77.325,17.0351,465
77.3417,17.0351,471
77.3583,17.0351,471
77.375,17.0351,479
77.3917,17.0351,489
77.4083,17.0351,495
77.425,17.0351,503
77.4417,17.0351,515
77.4583,17.0351,545
77.475,17.0351,589
77.4917,17.0351,585
77.5083,17.0351,599
77.525,17.0351,589
77.5417,17.0351,569
77.5583,17.0351,557
77.575,17.0351,545
77.5917,17.0351,537
77.6083,17.0351,535
77.625,17.0351,527
77.6417,17.0351,519
77.6583,17.0351,525
77.675,17.0351,527
77.6917,17.0351,527
77.7083,17.0351,543
77.725,17.0351,555
77.7417,17.0351,547
77.7583,17.0351,559
77.775,17.0351,571
77.7917,17.0351,579
77.8083,17.0351,585
77.825,17.0351,587
77.8417,17.0351,585
77.8583,17.0351,605
77.875,17.0351,607
77.8917,17.0351,631
77.9083,17.0351,669
77.925,17.0351,663
77.9417,17.0351,667
77.9583,17.0351,673
77.975,17.0351,661
77.9917,17.0351,647
78.0083,17.0351,629
78.025,17.0351,623
78.0417,17.0351,613
78.0583,17.0351,607
78.075,17.0351,605
78.0917,17.0351,605
78.1083,17.0351,609
78.125,17.0351,621
78.1417,17.0351,625
78.1583,17.0351,625
78.175,17.0351,611
78.1917,17.0351,627
78.2083,17.0351,623
78.225,17.0351,627
78.2417,17.0351,641
78.2583,17.0351,649
78.275,17.0351,649
78.2917,17.0351,653
78.3083,17.0351,649
77.1083,17.0191,451
77.125,17.0191,463
77.1417,17.0191,475
77.1583,17.0191,487
77.175,17.0191,495
77.1917,17.0191,499
77.2083,17.0191,507
77.225,17.0191,523
77.2417,17.0191,519
77.2583,17.0191,485
77.275,17.0191,471
77.2917,17.0191,473
77.3083,17.0191,461
77.325,17.0191,469
77.3417,17.0191,479
77.3583,17.0191,483
77.375,17.0191,489
77.3917,17.0191,497
77.4083,17.0191,521
77.425,17.0191,539
77.4417,17.0191,549
77.4583,17.0191,561
77.475,17.0191,581
77.4917,17.0191,599
77.5083,17.0191,601
77.525,17.0191,579
77.5417,17.0191,563
77.5583,17.0191,551
77.575,17.0191,541
77.5917,17.0191,535
77.6083,17.0191,531
77.625,17.0191,523
77.6417,17.0191,515
77.6583,17.0191,511
77.675,17.0191,515
77.6917,17.0191,519
77.7083,17.0191,527
77.725,17.0191,535
77.7417,17.0191,541
77.7583,17.0191,547
77.775,17.0191,549
77.7917,17.0191,557
77.8083,17.0191,571
77.825,17.0191,571
77.8417,17.0191,577
77.8583,17.0191,585
77.875,17.0191,585
77.8917,17.0191,593
77.9083,17.0191,613
77.925,17.0191,643
77.9417,17.0191,667
77.9583,17.0191,675
77.975,17.0191,657
77.9917,17.0191,641
78.0083,17.0191,639
78.025,17.0191,645
78.0417,17.0191,633
78.0583,17.0191,623
78.075,17.0191,613
78.0917,17.0191,597
78.1083,17.0191,601
78.125,17.0191,611
78.1417,17.0191,617
78.1583,17.0191,611
78.175,17.0191,601
78.1917,17.0191,611
78.2083,17.0191,611
78.225,17.0191,627
78.2417,17.0191,637
78.2583,17.0191,637
78.275,17.0191,637
78.2917,17.0191,641
78.3083,17.0191,635
77.1083,17.0032,453
77.125,17.0032,461
77.1417,17.0032,475
77.1583,17.0032,507
77.175,17.0032,513
77.1917,17.0032,523
77.2083,17.0032,525
77.225,17.0032,539
77.2417,17.0032,509
77.2583,17.0032,489
77.275,17.0032,481
77.2917,17.0032,473
77.3083,17.0032,467
77.325,17.0032,475
77.3417,17.0032,489
77.3583,17.0032,511
77.375,17.0032,515
77.3917,17.0032,525
77.4083,17.0032,547
77.425,17.0032,573
77.4417,17.0032,601
77.4583,17.0032,587
77.475,17.0032,597
77.4917,17.0032,595
77.5083,17.0032,579
77.525,17.0032,567
77.5417,17.0032,557
77.5583,17.0032,563
77.575,17.0032,555
77.5917,17.0032,555
77.6083,17.0032,553
77.625,17.0032,533
77.6417,17.0032,523
77.6583,17.0032,511
77.675,17.0032,509
77.6917,17.0032,521
77.7083,17.0032,529
77.725,17.0032,527
77.7417,17.0032,527
77.7583,17.0032,537
77.775,17.0032,531
77.7917,17.0032,541
77.8083,17.0032,553
77.825,17.0032,557
77.8417,17.0032,563
77.8583,17.0032,565
77.875,17.0032,573
77.8917,17.0032,595
77.9083,17.0032,599
77.925,17.0032,629
77.9417,17.0032,637
77.9583,17.0032,655
77.975,17.0032,655
77.9917,17.0032,649
78.0083,17.0032,651
78.025,17.0032,645
78.0417,17.0032,637
78.0583,17.0032,633
78.075,17.0032,625
78.0917,17.0032,609
78.1083,17.0032,591
78.125,17.0032,599
78.1417,17.0032,599
78.1583,17.0032,591
78.175,17.0032,591
78.1917,17.0032,597
78.2083,17.0032,603
78.225,17.0032,615
78.2417,17.0032,619
78.2583,17.0032,621
78.275,17.0032,619
78.2917,17.0032,621
78.3083,17.0032,617
77.1083,16.9873,467
77.125,16.9873,465
77.1417,16.9873,463
77.1583,16.9873,495
77.175,16.9873,555
77.1917,16.9873,555
77.2083,16.9873,555
77.225,16.9873,549
77.2417,16.9873,533
77.2583,16.9873,505
77.275,16.9873,489
77.2917,16.9873,477
77.3083,16.9873,473
77.325,16.9873,481
77.3417,16.9873,495
77.3583,16.9873,523
77.375,16.9873,547
77.3917,16.9873,559
77.4083,16.9873,563
77.425,16.9873,577
77.4417,16.9873,599
77.4583,16.9873,601
77.475,16.9873,607
77.4917,16.9873,599
77.5083,16.9873,581
77.525,16.9873,567
77.5417,16.9873,567
77.5583,16.9873,573
77.575,16.9873,569
77.5917,16.9873,563
77.6083,16.9873,547
77.625,16.9873,539
77.6417,16.9873,527
77.6583,16.9873,511
77.675,16.9873,503
77.6917,16.9873,513
77.7083,16.9873,519
77.725,16.9873,513
77.7417,16.9873,523
77.7583,16.9873,533
77.775,16.9873,521
77.7917,16.9873,549
77.8083,16.9873,541
77.825,16.9873,541
77.8417,16.9873,551
77.8583,16.9873,549
77.875,16.9873,571
77.8917,16.9873,589
77.9083,16.9873,613
77.925,16.9873,639
77.9417,16.9873,651
77.9583,16.9873,657
77.975,16.9873,655
77.9917,16.9873,661
78.0083,16.9873,643
78.025,16.9873,631
78.0417,16.9873,621
78.0583,16.9873,613
78.075,16.9873,611
78.0917,16.9873,611
78.1083,16.9873,589
78.125,16.9873,585
78.1417,16.9873,583
78.1583,16.9873,581
78.175,16.9873,583
78.1917,16.9873,599
78.2083,16.9873,595
78.225,16.9873,601
78.2417,16.9873,611
78.2583,16.9873,605
78.275,16.9873,605
78.2917,16.9873,605
78.3083,16.9873,605
77.1083,16.9713,529
77.125,16.9713,523
77.1417,16.9713,509
77.1583,16.9713,489
77.175,16.9713,517
77.1917,16.9713,535
77.2083,16.9713,547
77.225,16.9713,543
77.2417,16.9713,531
77.2583,16.9713,519
77.275,16.9713,509
77.2917,16.9713,481
77.3083,16.9713,479
77.325,16.9713,493
77.3417,16.9713,515
77.3583,16.9713,535
77.375,16.9713,569
77.3917,16.9713,581
77.4083,16.9713,577
77.425,16.9713,589
77.4417,16.9713,615
77.4583,16.9713,615
77.475,16.9713,621
77.4917,16.9713,607
77.5083,16.9713,581
77.525,16.9713,573
77.5417,16.9713,581
77.5583,16.9713,581
77.575,16.9713,567
77.5917,16.9713,557
77.6083,16.9713,551
77.625,16.9713,549
77.6417,16.9713,527
77.6583,16.9713,517
77.675,16.9713,503
77.6917,16.9713,505
77.7083,16.9713,507
77.725,16.9713,511
77.7417,16.9713,523
77.7583,16.9713,527
77.775,16.9713,515
77.7917,16.9713,533
77.8083,16.9713,535
77.825,16.9713,529
77.8417,16.9713,537
77.8583,16.9713,547
77.875,16.9713,565
77.8917,16.9713,581
77.9083,16.9713,595
77.925,16.9713,619
77.9417,16.9713,645
77.9583,16.9713,663
77.975,16.9713,669
77.9917,16.9713,657
78.0083,16.9713,645
78.025,16.9713,643
78.0417,16.9713,631
78.0583,16.9713,621
78.075,16.9713,605
78.0917,16.9713,599
78.1083,16.9713,589
78.125,16.9713,585
78.1417,16.9713,577
78.1583,16.9713,573
78.175,16.9713,583
78.1917,16.9713,585
78.2083,16.9713,585
78.225,16.9713,597
78.2417,16.9713,605
78.2583,16.9713,593
78.275,16.9713,599
78.2917,16.9713,589
78.3083,16.9713,589
77.1083,16.9554,579
77.125,16.9554,573
77.1417,16.9554,553
77.1583,16.9554,521
77.175,16.9554,505
77.1917,16.9554,519
77.2083,16.9554,527
77.225,16.9554,523
77.2417,16.9554,535
77.2583,16.9554,529
77.275,16.9554,497
77.2917,16.9554,487
77.3083,16.9554,491
77.325,16.9554,493
77.3417,16.9554,507
77.3583,16.9554,533
77.375,16.9554,577
77.3917,16.9554,589
77.4083,16.9554,609
77.425,16.9554,617
77.4417,16.9554,629
77.4583,16.9554,621
77.475,16.9554,633
77.4917,16.9554,609
77.5083,16.9554,587
77.525,16.9554,589
77.5417,16.9554,593
77.5583,16.9554,581
77.575,16.9554,571
77.5917,16.9554,571
77.6083,16.9554,571
77.625,16.9554,565
77.6417,16.9554,545
77.6583,16.9554,517
77.675,16.9554,507
77.6917,16.9554,495
77.7083,16.9554,505
77.725,16.9554,517
77.7417,16.9554,523
77.7583,16.9554,511
77.775,16.9554,509
77.7917,16.9554,513
77.8083,16.9554,517
77.825,16.9554,541
77.8417,16.9554,539
77.8583,16.9554,547
77.875,16.9554,563
77.8917,16.9554,583
77.9083,16.9554,619
77.925,16.9554,639
77.9417,16.9554,677
77.9583,16.9554,681
77.975,16.9554,677
77.9917,16.9554,663
78.0083,16.9554,639
78.025,16.9554,625
78.0417,16.9554,623
78.0583,16.9554,625
78.075,16.9554,621
78.0917,16.9554,619
78.1083,16.9554,611
78.125,16.9554,607
78.1417,16.9554,591
78.1583,16.9554,571
78.175,16.9554,571
78.1917,16.9554,573
78.2083,16.9554,587
78.225,16.9554,587
78.2417,16.9554,595
78.2583,16.9554,583
78.275,16.9554,589
78.2917,16.9554,577
78.3083,16.9554,583
77.1083,16.9394,553
77.125,16.9394,495
77.1417,16.9394,499
77.1583,16.9394,525
77.175,16.9394,529
77.1917,16.9394,519
77.2083,16.9394,513
77.225,16.9394,523
77.2417,16.9394,541
77.2583,16.9394,543
77.275,16.9394,511
77.2917,16.9394,523
77.3083,16.9394,543
77.325,16.9394,523
77.3417,16.9394,517
77.3583,16.9394,533
77.375,16.9394,557
77.3917,16.9394,581
77.4083,16.9394,601
77.425,16.9394,623
77.4417,16.9394,639
77.4583,16.9394,629
77.475,16.9394,637
77.4917,16.9394,615
77.5083,16.9394,601
77.525,16.9394,583
77.5417,16.9394,583
77.5583,16.9394,585
77.575,16.9394,575
77.5917,16.9394,577
77.6083,16.9394,569
77.625,16.9394,563
77.6417,16.9394,555
77.6583,16.9394,533
77.675,16.9394,513
77.6917,16.9394,497
77.7083,16.9394,493
77.725,16.9394,509
77.7417,16.9394,521
77.7583,16.9394,513
77.775,16.9394,499
77.7917,16.9394,505
77.8083,16.9394,527
77.825,16.9394,559
77.8417,16.9394,563
77.8583,16.9394,561
77.875,16.9394,565
77.8917,16.9394,595
77.9083,16.9394,609
77.925,16.9394,633
77.9417,16.9394,657
77.9583,16.9394,667
77.975,16.9394,655
77.9917,16.9394,649
78.0083,16.9394,639
78.025,16.9394,623
78.0417,16.9394,601
78.0583,16.9394,611
78.075,16.9394,611
78.0917,16.9394,627
78.1083,16.9394,627
78.125,16.9394,613
78.1417,16.9394,593
78.1583,16.9394,587
78.175,16.9394,567
78.1917,16.9394,565
78.2083,16.9394,571
78.225,16.9394,585
78.2417,16.9394,585
78.2583,16.9394,573
78.275,16.9394,573
78.2917,16.9394,569
78.3083,16.9394,587
77.1083,16.9235,493
77.125,16.9235,487
77.1417,16.9235,471
77.1583,16.9235,543
77.175,16.9235,511
77.1917,16.9235,515
77.2083,16.9235,505
77.225,16.9235,511
77.2417,16.9235,521
77.2583,16.9235,547
77.275,16.9235,549
77.2917,16.9235,563
77.3083,16.9235,599
77.325,16.9235,555
77.3417,16.9235,543
77.3583,16.9235,593
77.375,16.9235,579
77.3917,16.9235,595
77.4083,16.9235,609
77.425,16.9235,635
77.4417,16.9235,649
77.4583,16.9235,647
77.475,16.9235,645
77.4917,16.9235,619
77.5083,16.9235,591
77.525,16.9235,577
77.5417,16.9235,565
77.5583,16.9235,577
77.575,16.9235,565
77.5917,16.9235,557
77.6083,16.9235,549
77.625,16.9235,539
77.6417,16.9235,559
77.6583,16.9235,555
77.675,16.9235,515
77.6917,16.9235,495
77.7083,16.9235,485
77.725,16.9235,495
77.7417,16.9235,507
77.7583,16.9235,517
77.775,16.9235,499
77.7917,16.9235,509
77.8083,16.9235,517
77.825,16.9235,533
77.8417,16.9235,563
77.8583,16.9235,573
77.875,16.9235,565
77.8917,16.9235,585
77.9083,16.9235,663
77.925,16.9235,653
77.9417,16.9235,657
77.9583,16.9235,655
77.975,16.9235,641
77.9917,16.9235,631
78.0083,16.9235,623
78.025,16.9235,613
78.0417,16.9235,605
78.0583,16.9235,589
78.075,16.9235,595
78.0917,16.9235,607
78.1083,16.9235,605
78.125,16.9235,609
78.1417,16.9235,609
78.1583,16.9235,597
78.175,16.9235,575
78.1917,16.9235,563
78.2083,16.9235,557
78.225,16.9235,579
78.2417,16.9235,583
78.2583,16.9235,567
78.275,16.9235,557
78.2917,16.9235,571
78.3083,16.9235,583
77.1083,16.9076,489
77.125,16.9076,459
77.1417,16.9076,451
77.1583,16.9076,483
77.175,16.9076,485
77.1917,16.9076,493
77.2083,16.9076,503
77.225,16.9076,519
77.2417,16.9076,529
77.2583,16.9076,557
77.275,16.9076,559
77.2917,16.9076,581
77.3083,16.9076,617
77.325,16.9076,605
77.3417,16.9076,569
77.3583,16.9076,587
77.375,16.9076,603
77.3917,16.9076,605
77.4083,16.9076,639
77.425,16.9076,647
77.4417,16.9076,663
77.4583,16.9076,663
77.475,16.9076,639
77.4917,16.9076,607
77.5083,16.9076,579
77.525,16.9076,565
77.5417,16.9076,555
77.5583,16.9076,557
77.575,16.9076,559
77.5917,16.9076,545
77.6083,16.9076,533
77.625,16.9076,525
77.6417,16.9076,533
77.6583,16.9076,555
77.675,16.9076,535
77.6917,16.9076,513
77.7083,16.9076,491
77.725,16.9076,479
77.7417,16.9076,483
77.7583,16.9076,511
77.775,16.9076,531
77.7917,16.9076,523
77.8083,16.9076,535
77.825,16.9076,537
77.8417,16.9076,555
77.8583,16.9076,557
77.875,16.9076,545
77.8917,16.9076,561
77.9083,16.9076,599
77.925,16.9076,595
77.9417,16.9076,629
77.9583,16.9076,645
77.975,16.9076,641
77.9917,16.9076,637
78.0083,16.9076,633
78.025,16.9076,625
78.0417,16.9076,611
78.0583,16.9076,591
78.075,16.9076,577
78.0917,16.9076,591
78.1083,16.9076,587
78.125,16.9076,595
78.1417,16.9076,595
78.1583,16.9076,587
78.175,16.9076,569
78.1917,16.9076,551
78.2083,16.9076,553
78.225,16.9076,571
78.2417,16.9076,575
78.2583,16.9076,557
78.275,16.9076,553
78.2917,16.9076,573
78.3083,16.9076,575
77.1083,16.8916,469
77.125,16.8916,449
77.1417,16.8916,435
77.1583,16.8916,479
77.175,16.8916,461
77.1917,16.8916,483
77.2083,16.8916,497
77.225,16.8916,517
77.2417,16.8916,529
77.2583,16.8916,541
77.275,16.8916,555
77.2917,16.8916,573
77.3083,16.8916,617
77.325,16.8916,619
77.3417,16.8916,605
77.3583,16.8916,601
77.375,16.8916,615
77.3917,16.8916,633
77.4083,16.8916,625
77.425,16.8916,635
77.4417,16.8916,651
77.4583,16.8916,641
77.475,16.8916,609
77.4917,16.8916,593
77.5083,16.8916,579
77.525,16.8916,559
77.5417,16.8916,547
77.5583,16.8916,537
77.575,16.8916,537
77.5917,16.8916,535
77.6083,16.8916,529
77.625,16.8916,513
77.6417,16.8916,511
77.6583,16.8916,515
77.675,16.8916,531
77.6917,16.8916,509
77.7083,16.8916,493
77.725,16.8916,481
77.7417,16.8916,475
77.7583,16.8916,493
77.775,16.8916,503
77.7917,16.8916,523
77.8083,16.8916,541
77.825,16.8916,549
77.8417,16.8916,557
77.8583,16.8916,539
77.875,16.8916,535
77.8917,16.8916,547
77.9083,16.8916,577
77.925,16.8916,591
77.9417,16.8916,625
77.9583,16.8916,633
77.975,16.8916,653
77.9917,16.8916,643
78.0083,16.8916,625
78.025,16.8916,609
78.0417,16.8916,595
78.0583,16.8916,585
78.075,16.8916,573
78.0917,16.8916,569
78.1083,16.8916,571
78.125,16.8916,577
78.1417,16.8916,571
78.1583,16.8916,573
78.175,16.8916,565
78.1917,16.8916,549
78.2083,16.8916,545
78.225,16.8916,559
78.2417,16.8916,565
78.2583,16.8916,547
78.275,16.8916,549
78.2917,16.8916,565
78.3083,16.8916,567
77.1083,16.8757,475
77.125,16.8757,465
77.1417,16.8757,435
77.1583,16.8757,413
77.175,16.8757,437
77.1917,16.8757,489
77.2083,16.8757,483
77.225,16.8757,495
77.2417,16.8757,527
77.2583,16.8757,551
77.275,16.8757,557
77.2917,16.8757,575
77.3083,16.8757,593
77.325,16.8757,623
77.3417,16.8757,637
77.3583,16.8757,625
77.375,16.8757,631
77.3917,16.8757,611
77.4083,16.8757,617
77.425,16.8757,641
77.4417,16.8757,633
77.4583,16.8757,639
77.475,16.8757,609
77.4917,16.8757,579
77.5083,16.8757,567
77.525,16.8757,557
77.5417,16.8757,547
77.5583,16.8757,537
77.575,16.8757,531
77.5917,16.8757,521
77.6083,16.8757,519
77.625,16.8757,507
77.6417,16.8757,495
77.6583,16.8757,495
77.675,16.8757,507
77.6917,16.8757,505
77.7083,16.8757,491
77.725,16.8757,475
77.7417,16.8757,471
77.7583,16.8757,483
77.775,16.8757,501
77.7917,16.8757,539
77.8083,16.8757,523
77.825,16.8757,525
77.8417,16.8757,535
77.8583,16.8757,525
77.875,16.8757,519
77.8917,16.8757,529
77.9083,16.8757,549
77.925,16.8757,573
77.9417,16.8757,599
77.9583,16.8757,645
77.975,16.8757,653
77.9917,16.8757,651
78.0083,16.8757,635
78.025,16.8757,633
78.0417,16.8757,617
78.0583,16.8757,599
78.075,16.8757,579
78.0917,16.8757,565
78.1083,16.8757,557
78.125,16.8757,559
78.1417,16.8757,557
78.1583,16.8757,555
78.175,16.8757,551
78.1917,16.8757,539
78.2083,16.8757,539
78.225,16.8757,551
78.2417,16.8757,547
78.2583,16.8757,543
78.275,16.8757,541
78.2917,16.8757,557
78.3083,16.8757,553
77.1083,16.8597,431
77.125,16.8597,419
77.1417,16.8597,405
77.1583,16.8597,397
77.175,16.8597,429
77.1917,16.8597,479
77.2083,16.8597,469
77.225,16.8597,479
77.2417,16.8597,497
77.2583,16.8597,531
77.275,16.8597,541
77.2917,16.8597,559
77.3083,16.8597,601
77.325,16.8597,615
77.3417,16.8597,619
77.3583,16.8597,609
77.375,16.8597,613
77.3917,16.8597,583
77.4083,16.8597,603
77.425,16.8597,617
77.4417,16.8597,603
77.4583,16.8597,633
77.475,16.8597,613
77.4917,16.8597,583
77.5083,16.8597,577
77.525,16.8597,569
77.5417,16.8597,559
77.5583,16.8597,545
77.575,16.8597,551
77.5917,16.8597,529
77.6083,16.8597,515
77.625,16.8597,505
77.6417,16.8597,503
77.6583,16.8597,485
77.675,16.8597,495
77.6917,16.8597,493
77.7083,16.8597,475
77.725,16.8597,463
77.7417,16.8597,473
77.7583,16.8597,489
77.775,16.8597,481
77.7917,16.8597,489
77.8083,16.8597,497
77.825,16.8597,509
77.8417,16.8597,509
77.8583,16.8597,505
77.875,16.8597,511
77.8917,16.8597,523
77.9083,16.8597,537
77.925,16.8597,561
77.9417,16.8597,599
77.9583,16.8597,607
77.975,16.8597,625
77.9917,16.8597,643
78.0083,16.8597,639
78.025,16.8597,625
78.0417,16.8597,615
78.0583,16.8597,609
78.075,16.8597,591
78.0917,16.8597,579
78.1083,16.8597,567
78.125,16.8597,549
78.1417,16.8597,543
78.1583,16.8597,539
78.175,16.8597,535
78.1917,16.8597,535
78.2083,16.8597,531
78.225,16.8597,533
78.2417,16.8597,537
78.2583,16.8597,537
78.275,16.8597,531
78.2917,16.8597,541
78.3083,16.8597,539
77.1083,16.8438,415
77.125,16.8438,397
77.1417,16.8438,389
77.1583,16.8438,393
77.175,16.8438,401
77.1917,16.8438,411
77.2083,16.8438,429
77.225,16.8438,445
77.2417,16.8438,475
77.2583,16.8438,495
77.275,16.8438,515
77.2917,16.8438,537
77.3083,16.8438,573
77.325,16.8438,555
77.3417,16.8438,557
77.3583,16.8438,557
77.375,16.8438,569
77.3917,16.8438,531
77.4083,16.8438,535
77.425,16.8438,575
77.4417,16.8438,581
77.4583,16.8438,613
77.475,16.8438,597
77.4917,16.8438,587
77.5083,16.8438,579
77.525,16.8438,577
77.5417,16.8438,563
77.5583,16.8438,553
77.575,16.8438,541
77.5917,16.8438,537
77.6083,16.8438,525
77.625,16.8438,515
77.6417,16.8438,499
77.6583,16.8438,479
77.675,16.8438,477
77.6917,16.8438,471
77.7083,16.8438,469
77.725,16.8438,463
77.7417,16.8438,459
77.7583,16.8438,469
77.775,16.8438,465
77.7917,16.8438,473
77.8083,16.8438,481
77.825,16.8438,487
77.8417,16.8438,495
77.8583,16.8438,509
77.875,16.8438,525
77.8917,16.8438,525
77.9083,16.8438,531
77.925,16.8438,541
77.9417,16.8438,555
77.9583,16.8438,573
77.975,16.8438,597
77.9917,16.8438,627
78.0083,16.8438,643
78.025,16.8438,633
78.0417,16.8438,615
78.0583,16.8438,603
78.075,16.8438,587
78.0917,16.8438,573
78.1083,16.8438,563
78.125,16.8438,555
78.1417,16.8438,555
78.1583,16.8438,549
78.175,16.8438,541
78.1917,16.8438,529
78.2083,16.8438,523
78.225,16.8438,519
78.2417,16.8438,527
78.2583,16.8438,535
78.275,16.8438,521
78.2917,16.8438,525
78.3083,16.8438,531
77.1083,16.8278,395
77.125,16.8278,393
77.1417,16.8278,385
77.1583,16.8278,393
77.175,16.8278,399
77.1917,16.8278,403
77.2083,16.8278,413
77.225,16.8278,435
77.2417,16.8278,475
77.2583,16.8278,517
77.275,16.8278,517
77.2917,16.8278,523
77.3083,16.8278,517
77.325,16.8278,505
77.3417,16.8278,517
77.3583,16.8278,521
77.375,16.8278,517
77.3917,16.8278,533
77.4083,16.8278,491
77.425,16.8278,549
77.4417,16.8278,573
77.4583,16.8278,567
77.475,16.8278,563
77.4917,16.8278,561
77.5083,16.8278,561
77.525,16.8278,563
77.5417,16.8278,579
77.5583,16.8278,563
77.575,16.8278,533
77.5917,16.8278,521
77.6083,16.8278,517
77.625,16.8278,501
77.6417,16.8278,489
77.6583,16.8278,479
77.675,16.8278,465
77.6917,16.8278,457
77.7083,16.8278,451
77.725,16.8278,453
77.7417,16.8278,447
77.7583,16.8278,459
77.775,16.8278,467
77.7917,16.8278,479
77.8083,16.8278,485
77.825,16.8278,507
77.8417,16.8278,513
77.8583,16.8278,523
77.875,16.8278,535
77.8917,16.8278,541
77.9083,16.8278,539
77.925,16.8278,549
77.9417,16.8278,561
77.9583,16.8278,575
77.975,16.8278,605
77.9917,16.8278,639
78.0083,16.8278,649
78.025,16.8278,643
78.0417,16.8278,629
78.0583,16.8278,617
78.075,16.8278,597
78.0917,16.8278,579
78.1083,16.8278,565
78.125,16.8278,573
78.1417,16.8278,571
78.1583,16.8278,557
78.175,16.8278,547
78.1917,16.8278,539
78.2083,16.8278,527
78.225,16.8278,519
78.2417,16.8278,517
78.2583,16.8278,527
78.275,16.8278,513
78.2917,16.8278,517
78.3083,16.8278,533
77.1083,16.8119,387
77.125,16.8119,381
77.1417,16.8119,381
77.1583,16.8119,389
77.175,16.8119,391
77.1917,16.8119,397
77.2083,16.8119,403
77.225,16.8119,413
77.2417,16.8119,467
77.2583,16.8119,511
77.275,16.8119,483
77.2917,16.8119,485
77.3083,16.8119,461
77.325,16.8119,465
77.3417,16.8119,515
77.3583,16.8119,525
77.375,16.8119,463
77.3917,16.8119,495
77.4083,16.8119,477
77.425,16.8119,515
77.4417,16.8119,557
77.4583,16.8119,547
77.475,16.8119,543
77.4917,16.8119,545
77.5083,16.8119,543
77.525,16.8119,543
77.5417,16.8119,563
77.5583,16.8119,565
77.575,16.8119,549
77.5917,16.8119,529
77.6083,16.8119,507
77.625,16.8119,495
77.6417,16.8119,485
77.6583,16.8119,475
77.675,16.8119,473
77.6917,16.8119,477
77.7083,16.8119,461
77.725,16.8119,447
77.7417,16.8119,443
77.7583,16.8119,461
77.775,16.8119,475
77.7917,16.8119,461
77.8083,16.8119,479
77.825,16.8119,509
77.8417,16.8119,497
77.8583,16.8119,505
77.875,16.8119,533
77.8917,16.8119,553
77.9083,16.8119,551
77.925,16.8119,553
77.9417,16.8119,569
77.9583,16.8119,583
77.975,16.8119,599
77.9917,16.8119,605
78.0083,16.8119,619
78.025,16.8119,635
78.0417,16.8119,629
78.0583,16.8119,611
78.075,16.8119,595
78.0917,16.8119,583
78.1083,16.8119,579
78.125,16.8119,589
78.1417,16.8119,573
78.1583,16.8119,553
78.175,16.8119,539
78.1917,16.8119,529
78.2083,16.8119,517
78.225,16.8119,509
78.2417,16.8119,513
78.2583,16.8119,513
78.275,16.8119,509
78.2917,16.8119,523
78.3083,16.8119,517
77.1083,16.7959,387
77.125,16.7959,377
77.1417,16.7959,377
77.1583,16.7959,381
77.175,16.7959,385
77.1917,16.7959,391
77.2083,16.7959,395
77.225,16.7959,405
77.2417,16.7959,465
77.2583,16.7959,489
77.275,16.7959,477
77.2917,16.7959,451
77.3083,16.7959,449
77.325,16.7959,461
77.3417,16.7959,525
77.3583,16.7959,499
77.375,16.7959,449
77.3917,16.7959,451
77.4083,16.7959,495
77.425,16.7959,519
77.4417,16.7959,543
77.4583,16.7959,533
77.475,16.7959,519
77.4917,16.7959,519
77.5083,16.7959,521
77.525,16.7959,515
77.5417,16.7959,529
77.5583,16.7959,567
77.575,16.7959,557
77.5917,16.7959,545
77.6083,16.7959,517
77.625,16.7959,507
77.6417,16.7959,487
77.6583,16.7959,487
77.675,16.7959,493
77.6917,16.7959,485
77.7083,16.7959,477
77.725,16.7959,457
77.7417,16.7959,437
77.7583,16.7959,445
77.775,16.7959,457
77.7917,16.7959,453
77.8083,16.7959,467
77.825,16.7959,489
77.8417,16.7959,481
77.8583,16.7959,491
77.875,16.7959,501
77.8917,16.7959,543
77.9083,16.7959,541
77.925,16.7959,573
77.9417,16.7959,571
77.9583,16.7959,583
77.975,16.7959,583
77.9917,16.7959,579
78.0083,16.7959,583
78.025,16.7959,613
78.0417,16.7959,619
78.0583,16.7959,611
78.075,16.7959,601
78.0917,16.7959,603
78.1083,16.7959,589
78.125,16.7959,597
78.1417,16.7959,571
78.1583,16.7959,551
78.175,16.7959,533
78.1917,16.7959,529
78.2083,16.7959,525
78.225,16.7959,505
78.2417,16.7959,511
78.2583,16.7959,507
78.275,16.7959,509
78.2917,16.7959,513
78.3083,16.7959,503
77.1083,16.7799,385
77.125,16.7799,373
77.1417,16.7799,373
77.1583,16.7799,377
77.175,16.7799,387
77.1917,16.7799,397
77.2083,16.7799,401
77.225,16.7799,413
77.2417,16.7799,429
77.2583,16.7799,473
77.275,16.7799,469
77.2917,16.7799,447
77.3083,16.7799,441
77.325,16.7799,451
77.3417,16.7799,459
77.3583,16.7799,441
77.375,16.7799,437
77.3917,16.7799,435
77.4083,16.7799,439
77.425,16.7799,481
77.4417,16.7799,535
77.4583,16.7799,497
77.475,16.7799,507
77.4917,16.7799,493
77.5083,16.7799,507
77.525,16.7799,481
77.5417,16.7799,503
77.5583,16.7799,531
77.575,16.7799,541
77.5917,16.7799,539
77.6083,16.7799,539
77.625,16.7799,519
77.6417,16.7799,511
77.6583,16.7799,507
77.675,16.7799,509
77.6917,16.7799,483
77.7083,16.7799,487
77.725,16.7799,457
77.7417,16.7799,437
77.7583,16.7799,437
77.775,16.7799,445
77.7917,16.7799,441
77.8083,16.7799,469
77.825,16.7799,453
77.8417,16.7799,469
77.8583,16.7799,473
77.875,16.7799,475
77.8917,16.7799,509
77.9083,16.7799,537
77.925,16.7799,573
77.9417,16.7799,577
77.9583,16.7799,587
77.975,16.7799,567
77.9917,16.7799,553
78.0083,16.7799,547
78.025,16.7799,577
78.0417,16.7799,607
78.0583,16.7799,583
78.075,16.7799,609
78.0917,16.7799,607
78.1083,16.7799,587
78.125,16.7799,565
78.1417,16.7799,553
78.1583,16.7799,543
78.175,16.7799,529
78.1917,16.7799,517
78.2083,16.7799,513
78.225,16.7799,503
78.2417,16.7799,517
78.2583,16.7799,505
78.275,16.7799,499
78.2917,16.7799,501
78.3083,16.7799,499
77.1083,16.764,373
77.125,16.764,369
77.1417,16.764,387
77.1583,16.764,391
77.175,16.764,393
77.1917,16.764,407
77.2083,16.764,427
77.225,16.764,421
77.2417,16.764,433
77.2583,16.764,461
77.275,16.764,453
77.2917,16.764,443
77.3083,16.764,433
77.325,16.764,435
77.3417,16.764,431
77.3583,16.764,425
77.375,16.764,425
77.3917,16.764,423
77.4083,16.764,425
77.425,16.764,469
77.4417,16.764,549
77.4583,16.764,491
77.475,16.764,473
77.4917,16.764,457
77.5083,16.764,477
77.525,16.764,463
77.5417,16.764,469
77.5583,16.764,511
77.575,16.764,533
77.5917,16.764,531
77.6083,16.764,527
77.625,16.764,517
77.6417,16.764,513
77.6583,16.764,539
77.675,16.764,547
77.6917,16.764,503
77.7083,16.764,461
77.725,16.764,449
77.7417,16.764,439
77.7583,16.764,425
77.775,16.764,459
77.7917,16.764,437
77.8083,16.764,437
77.825,16.764,439
77.8417,16.764,449
77.8583,16.764,459
77.875,16.764,505
77.8917,16.764,497
77.9083,16.764,515
77.925,16.764,533
77.9417,16.764,555
77.9583,16.764,553
77.975,16.764,539
77.9917,16.764,547
78.0083,16.764,521
78.025,16.764,523
78.0417,16.764,527
78.0583,16.764,545
78.075,16.764,561
78.0917,16.764,571
78.1083,16.764,575
78.125,16.764,565
78.1417,16.764,543
78.1583,16.764,529
78.175,16.764,523
78.1917,16.764,513
78.2083,16.764,499
78.225,16.764,497
78.2417,16.764,509
78.2583,16.764,511
78.275,16.764,495
78.2917,16.764,489
78.3083,16.764,493
77.1083,16.748,367
77.125,16.748,367
77.1417,16.748,375
77.1583,16.748,391
77.175,16.748,405
77.1917,16.748,393
77.2083,16.748,403
77.225,16.748,425
77.2417,16.748,433
77.2583,16.748,439
77.275,16.748,439
77.2917,16.748,435
77.3083,16.748,427
77.325,16.748,427
77.3417,16.748,421
77.3583,16.748,415
77.375,16.748,415
77.3917,16.748,415
77.4083,16.748,419
77.425,16.748,423
77.4417,16.748,495
77.4583,16.748,463
77.475,16.748,437
77.4917,16.748,439
77.5083,16.748,453
77.525,16.748,453
77.5417,16.748,455
77.5583,16.748,469
77.575,16.748,483
77.5917,16.748,505
77.6083,16.748,535
77.625,16.748,541
77.6417,16.748,523
77.6583,16.748,549
77.675,16.748,581
77.6917,16.748,495
77.7083,16.748,465
77.725,16.748,497
77.7417,16.748,443
77.7583,16.748,429
77.775,16.748,423
77.7917,16.748,459
77.8083,16.748,429
77.825,16.748,437
77.8417,16.748,445
77.8583,16.748,459
77.875,16.748,489
77.8917,16.748,519
77.9083,16.748,575
77.925,16.748,563
77.9417,16.748,559
77.9583,16.748,553
77.975,16.748,535
77.9917,16.748,509
78.0083,16.748,507
78.025,16.748,505
78.0417,16.748,503
78.0583,16.748,505
78.075,16.748,523
78.0917,16.748,549
78.1083,16.748,557
78.125,16.748,559
78.1417,16.748,551
78.1583,16.748,529
78.175,16.748,515
78.1917,16.748,507
78.2083,16.748,495
78.225,16.748,491
78.2417,16.748,495
78.2583,16.748,497
78.275,16.748,501
78.2917,16.748,487
78.3083,16.748,485
77.1083,16.7321,371
77.125,16.7321,365
77.1417,16.7321,369
77.1583,16.7321,377
77.175,16.7321,395
77.1917,16.7321,385
77.2083,16.7321,397
77.225,16.7321,407
77.2417,16.7321,407
77.2583,16.7321,421
77.275,16.7321,433
77.2917,16.7321,431
77.3083,16.7321,423
77.325,16.7321,419
77.3417,16.7321,415
77.3583,16.7321,409
77.375,16.7321,409
77.3917,16.7321,409
77.4083,16.7321,411
77.425,16.7321,411
77.4417,16.7321,417
77.4583,16.7321,441
77.475,16.7321,425
77.4917,16.7321,425
77.5083,16.7321,433
77.525,16.7321,439
77.5417,16.7321,437
77.5583,16.7321,443
77.575,16.7321,455
77.5917,16.7321,483
77.6083,16.7321,531
77.625,16.7321,555
77.6417,16.7321,551
77.6583,16.7321,553
77.675,16.7321,571
77.6917,16.7321,513
77.7083,16.7321,459
77.725,16.7321,457
77.7417,16.7321,431
77.7583,16.7321,415
77.775,16.7321,411
77.7917,16.7321,427
77.8083,16.7321,465
77.825,16.7321,479
77.8417,16.7321,485
77.8583,16.7321,473
77.875,16.7321,461
77.8917,16.7321,501
77.9083,16.7321,515
77.925,16.7321,533
77.9417,16.7321,515
77.9583,16.7321,517
77.975,16.7321,505
77.9917,16.7321,489
78.0083,16.7321,485
78.025,16.7321,481
78.0417,16.7321,481
78.0583,16.7321,495
78.075,16.7321,501
78.0917,16.7321,519
78.1083,16.7321,539
78.125,16.7321,535
78.1417,16.7321,531
78.1583,16.7321,521
78.175,16.7321,511
78.1917,16.7321,503
78.2083,16.7321,505
78.225,16.7321,493
78.2417,16.7321,487
78.2583,16.7321,485
78.275,16.7321,489
78.2917,16.7321,489
78.3083,16.7321,479
77.1083,16.7161,377
77.125,16.7161,371
77.1417,16.7161,365
77.1583,16.7161,369
77.175,16.7161,371
77.1917,16.7161,377
77.2083,16.7161,387
77.225,16.7161,391
77.2417,16.7161,399
77.2583,16.7161,409
77.275,16.7161,417
77.2917,16.7161,429
77.3083,16.7161,419
77.325,16.7161,415
77.3417,16.7161,415
77.3583,16.7161,407
77.375,16.7161,403
77.3917,16.7161,403
77.4083,16.7161,405
77.425,16.7161,403
77.4417,16.7161,403
77.4583,16.7161,409
77.475,16.7161,413
77.4917,16.7161,411
77.5083,16.7161,417
77.525,16.7161,423
77.5417,16.7161,427
77.5583,16.7161,437
77.575,16.7161,451
77.5917,16.7161,453
77.6083,16.7161,465
77.625,16.7161,537
77.6417,16.7161,569
77.6583,16.7161,623
77.675,16.7161,543
77.6917,16.7161,495
77.7083,16.7161,479
77.725,16.7161,461
77.7417,16.7161,437
77.7583,16.7161,419
77.775,16.7161,407
77.7917,16.7161,439
77.8083,16.7161,497
77.825,16.7161,533
77.8417,16.7161,549
77.8583,16.7161,507
77.875,16.7161,461
77.8917,16.7161,451
77.9083,16.7161,463
77.925,16.7161,503
77.9417,16.7161,503
77.9583,16.7161,493
77.975,16.7161,483
77.9917,16.7161,481
78.0083,16.7161,471
78.025,16.7161,465
78.0417,16.7161,469
78.0583,16.7161,481
78.075,16.7161,483
78.0917,16.7161,499
78.1083,16.7161,521
78.125,16.7161,535
78.1417,16.7161,525
78.1583,16.7161,525
78.175,16.7161,515
78.1917,16.7161,521
78.2083,16.7161,515
78.225,16.7161,505
78.2417,16.7161,491
78.2583,16.7161,479
78.275,16.7161,477
78.2917,16.7161,483
78.3083,16.7161,475
77.1083,16.7001,375
77.125,16.7001,373
77.1417,16.7001,367
77.1583,16.7001,367
77.175,16.7001,373
77.1917,16.7001,377
77.2083,16.7001,383
77.225,16.7001,393
77.2417,16.7001,403
77.2583,16.7001,403
77.275,16.7001,415
77.2917,16.7001,431
77.3083,16.7001,431
77.325,16.7001,417
77.3417,16.7001,409
77.3583,16.7001,405
77.375,16.7001,399
77.3917,16.7001,399
77.4083,16.7001,399
77.425,16.7001,397
77.4417,16.7001,397
77.4583,16.7001,401
77.475,16.7001,403
77.4917,16.7001,405
77.5083,16.7001,411
77.525,16.7001,415
77.5417,16.7001,417
77.5583,16.7001,431
77.575,16.7001,431
77.5917,16.7001,435
77.6083,16.7001,437
77.625,16.7001,471
77.6417,16.7001,555
77.6583,16.7001,557
77.675,16.7001,507
77.6917,16.7001,495
77.7083,16.7001,467
77.725,16.7001,473
77.7417,16.7001,477
77.7583,16.7001,421
77.775,16.7001,407
77.7917,16.7001,423
77.8083,16.7001,461
77.825,16.7001,489
77.8417,16.7001,493
77.8583,16.7001,473
77.875,16.7001,437
77.8917,16.7001,439
77.9083,16.7001,437
77.925,16.7001,449
77.9417,16.7001,447
77.9583,16.7001,457
77.975,16.7001,469
77.9917,16.7001,471
78.0083,16.7001,467
78.025,16.7001,463
78.0417,16.7001,455
78.0583,16.7001,461
78.075,16.7001,473
78.0917,16.7001,485
78.1083,16.7001,503
78.125,16.7001,523
78.1417,16.7001,537
78.1583,16.7001,535
78.175,16.7001,525
78.1917,16.7001,527
78.2083,16.7001,523
78.225,16.7001,511
78.2417,16.7001,497
78.2583,16.7001,487
78.275,16.7001,475
78.2917,16.7001,471
78.3083,16.7001,471
77.1083,16.6842,371
77.125,16.6842,365
77.1417,16.6842,367
77.1583,16.6842,365
77.175,16.6842,369
77.1917,16.6842,377
77.2083,16.6842,387
77.225,16.6842,391
77.2417,16.6842,393
77.2583,16.6842,413
77.275,16.6842,429
77.2917,16.6842,427
77.3083,16.6842,431
77.325,16.6842,431
77.3417,16.6842,421
77.3583,16.6842,409
77.375,16.6842,403
77.3917,16.6842,395
77.4083,16.6842,393
77.425,16.6842,391
77.4417,16.6842,391
77.4583,16.6842,395
77.475,16.6842,395
77.4917,16.6842,399
77.5083,16.6842,403
77.525,16.6842,407
77.5417,16.6842,417
77.5583,16.6842,423
77.575,16.6842,427
77.5917,16.6842,425
77.6083,16.6842,423
77.625,16.6842,423
77.6417,16.6842,433
77.6583,16.6842,467
77.675,16.6842,511
77.6917,16.6842,475
77.7083,16.6842,447
77.725,16.6842,423
77.7417,16.6842,417
77.7583,16.6842,403
77.775,16.6842,401
77.7917,16.6842,413
77.8083,16.6842,423
77.825,16.6842,477
77.8417,16.6842,439
77.8583,16.6842,423
77.875,16.6842,419
77.8917,16.6842,419
77.9083,16.6842,423
77.925,16.6842,431
77.9417,16.6842,443
77.9583,16.6842,455
77.975,16.6842,475
77.9917,16.6842,449
78.0083,16.6842,449
78.025,16.6842,449
78.0417,16.6842,443
78.0583,16.6842,461
78.075,16.6842,479
78.0917,16.6842,467
78.1083,16.6842,497
78.125,16.6842,513
78.1417,16.6842,529
78.1583,16.6842,537
78.175,16.6842,545
78.1917,16.6842,525
78.2083,16.6842,513
78.225,16.6842,509
78.2417,16.6842,499
78.2583,16.6842,485
78.275,16.6842,475
78.2917,16.6842,469
78.3083,16.6842,465
77.1083,16.6682,377
77.125,16.6682,363
77.1417,16.6682,367
77.1583,16.6682,369
77.175,16.6682,371
77.1917,16.6682,375
77.2083,16.6682,381
77.225,16.6682,385
77.2417,16.6682,393
77.2583,16.6682,403
77.275,16.6682,407
77.2917,16.6682,411
77.3083,16.6682,419
77.325,16.6682,421
77.3417,16.6682,421
77.3583,16.6682,411
77.375,16.6682,403
77.3917,16.6682,395
77.4083,16.6682,387
77.425,16.6682,387
77.4417,16.6682,387
77.4583,16.6682,389
77.475,16.6682,391
77.4917,16.6682,393
77.5083,16.6682,397
77.525,16.6682,401
77.5417,16.6682,407
77.5583,16.6682,415
77.575,16.6682,419
77.5917,16.6682,415
77.6083,16.6682,413
77.625,16.6682,411
77.6417,16.6682,411
77.6583,16.6682,441
77.675,16.6682,531
77.6917,16.6682,509
77.7083,16.6682,467
77.725,16.6682,433
77.7417,16.6682,411
77.7583,16.6682,397
77.775,16.6682,395
77.7917,16.6682,399
77.8083,16.6682,409
77.825,16.6682,417
77.8417,16.6682,411
77.8583,16.6682,421
77.875,16.6682,407
77.8917,16.6682,421
77.9083,16.6682,447
77.925,16.6682,457
77.9417,16.6682,467
77.9583,16.6682,487
77.975,16.6682,437
77.9917,16.6682,433
78.0083,16.6682,433
78.025,16.6682,435
78.0417,16.6682,437
78.0583,16.6682,447
78.075,16.6682,455
78.0917,16.6682,453
78.1083,16.6682,469
78.125,16.6682,493
78.1417,16.6682,525
78.1583,16.6682,569
78.175,16.6682,549
78.1917,16.6682,529
78.2083,16.6682,515
78.225,16.6682,501
78.2417,16.6682,493
78.2583,16.6682,487
78.275,16.6682,491
78.2917,16.6682,479
78.3083,16.6682,465
77.1083,16.6522,371
77.125,16.6522,363
77.1417,16.6522,363
77.1583,16.6522,361
77.175,16.6522,365
77.1917,16.6522,371
77.2083,16.6522,375
77.225,16.6522,381
77.2417,16.6522,387
77.2583,16.6522,393
77.275,16.6522,397
77.2917,16.6522,403
77.3083,16.6522,409
77.325,16.6522,411
77.3417,16.6522,405
77.3583,16.6522,407
77.375,16.6522,399
77.3917,16.6522,393
77.4083,16.6522,393
77.425,16.6522,383
77.4417,16.6522,381
77.4583,16.6522,385
77.475,16.6522,385
77.4917,16.6522,387
77.5083,16.6522,395
77.525,16.6522,399
77.5417,16.6522,405
77.5583,16.6522,407
77.575,16.6522,417
77.5917,16.6522,413
77.6083,16.6522,403
77.625,16.6522,405
77.6417,16.6522,401
77.6583,16.6522,411
77.675,16.6522,433
77.6917,16.6522,461
77.7083,16.6522,477
77.725,16.6522,441
77.7417,16.6522,421
77.7583,16.6522,405
77.775,16.6522,391
77.7917,16.6522,389
77.8083,16.6522,403
77.825,16.6522,407
77.8417,16.6522,397
77.8583,16.6522,401
77.875,16.6522,471
77.8917,16.6522,469
77.9083,16.6522,477
77.925,16.6522,521
77.9417,16.6522,485
77.9583,16.6522,499
77.975,16.6522,467
77.9917,16.6522,439
78.0083,16.6522,421
78.025,16.6522,425
78.0417,16.6522,427
78.0583,16.6522,431
78.075,16.6522,437
78.0917,16.6522,445
78.1083,16.6522,457
78.125,16.6522,475
78.1417,16.6522,501
78.1583,16.6522,541
78.175,16.6522,551
78.1917,16.6522,533
78.2083,16.6522,521
78.225,16.6522,513
78.2417,16.6522,503
78.2583,16.6522,507
78.275,16.6522,505
78.2917,16.6522,491
78.3083,16.6522,479
77.1083,16.6363,379
77.125,16.6363,369
77.1417,16.6363,365
77.1583,16.6363,363
77.175,16.6363,359
77.1917,16.6363,363
77.2083,16.6363,371
77.225,16.6363,375
77.2417,16.6363,385
77.2583,16.6363,387
77.275,16.6363,391
77.2917,16.6363,395
77.3083,16.6363,401
77.325,16.6363,403
77.3417,16.6363,401
77.3583,16.6363,397
77.375,16.6363,399
77.3917,16.6363,389
77.4083,16.6363,387
77.425,16.6363,389
77.4417,16.6363,377
77.4583,16.6363,379
77.475,16.6363,381
77.4917,16.6363,387
77.5083,16.6363,393
77.525,16.6363,395
77.5417,16.6363,401
77.5583,16.6363,399
77.575,16.6363,415
77.5917,16.6363,411
77.6083,16.6363,403
77.625,16.6363,397
77.6417,16.6363,395
77.6583,16.6363,401
77.675,16.6363,407
77.6917,16.6363,413
77.7083,16.6363,417
77.725,16.6363,413
77.7417,16.6363,415
77.7583,16.6363,407
77.775,16.6363,395
77.7917,16.6363,383
77.8083,16.6363,387
77.825,16.6363,397
77.8417,16.6363,391
77.8583,16.6363,399
77.875,16.6363,401
77.8917,16.6363,419
77.9083,16.6363,431
77.925,16.6363,459
77.9417,16.6363,435
77.9583,16.6363,427
77.975,16.6363,425
77.9917,16.6363,417
78.0083,16.6363,413
78.025,16.6363,415
78.0417,16.6363,421
78.0583,16.6363,431
78.075,16.6363,437
78.0917,16.6363,445
78.1083,16.6363,453
78.125,16.6363,463
78.1417,16.6363,479
78.1583,16.6363,497
78.175,16.6363,511
78.1917,16.6363,537
78.2083,16.6363,529
78.225,16.6363,513
78.2417,16.6363,503
78.2583,16.6363,501
78.275,16.6363,493
78.2917,16.6363,483
78.3083,16.6363,475
77.1083,16.6203,385
77.125,16.6203,375
77.1417,16.6203,367
77.1583,16.6203,361
77.175,16.6203,357
77.1917,16.6203,363
77.2083,16.6203,367
77.225,16.6203,377
77.2417,16.6203,383
77.2583,16.6203,383
77.275,16.6203,387
77.2917,16.6203,395
77.3083,16.6203,393
77.325,16.6203,397
77.3417,16.6203,393
77.3583,16.6203,393
77.375,16.6203,391
77.3917,16.6203,389
77.4083,16.6203,381
77.425,16.6203,385
77.4417,16.6203,377
77.4583,16.6203,373
77.475,16.6203,377
77.4917,16.6203,385
77.5083,16.6203,391
77.525,16.6203,387
77.5417,16.6203,389
77.5583,16.6203,397
77.575,16.6203,409
77.5917,16.6203,411
77.6083,16.6203,405
77.625,16.6203,393
77.6417,16.6203,389
77.6583,16.6203,391
77.675,16.6203,397
77.6917,16.6203,393
77.7083,16.6203,395
77.725,16.6203,397
77.7417,16.6203,395
77.7583,16.6203,387
77.775,16.6203,389
77.7917,16.6203,381
77.8083,16.6203,381
77.825,16.6203,393
77.8417,16.6203,387
77.8583,16.6203,385
77.875,16.6203,389
77.8917,16.6203,393
77.9083,16.6203,403
77.925,16.6203,409
77.9417,16.6203,411
77.9583,16.6203,413
77.975,16.6203,405
77.9917,16.6203,405
78.0083,16.6203,409
78.025,16.6203,417
78.0417,16.6203,423
78.0583,16.6203,441
78.075,16.6203,445
78.0917,16.6203,457
78.1083,16.6203,463
78.125,16.6203,471
78.1417,16.6203,483
78.1583,16.6203,495
78.175,16.6203,515
78.1917,16.6203,529
78.2083,16.6203,543
78.225,16.6203,525
78.2417,16.6203,517
78.2583,16.6203,499
78.275,16.6203,487
78.2917,16.6203,485
78.3083,16.6203,485
77.1083,16.6043,385
77.125,16.6043,385
77.1417,16.6043,371
77.1583,16.6043,359
77.175,16.6043,355
77.1917,16.6043,359
77.2083,16.6043,365
77.225,16.6043,377
77.2417,16.6043,379
77.2583,16.6043,379
77.275,16.6043,389
77.2917,16.6043,389
77.3083,16.6043,387
77.325,16.6043,397
77.3417,16.6043,391
77.3583,16.6043,383
77.375,16.6043,387
77.3917,16.6043,383
77.4083,16.6043,377
77.425,16.6043,379
77.4417,16.6043,373
77.4583,16.6043,371
77.475,16.6043,373
77.4917,16.6043,379
77.5083,16.6043,385
77.525,16.6043,383
77.5417,16.6043,389
77.5583,16.6043,397
77.575,16.6043,407
77.5917,16.6043,411
77.6083,16.6043,411
77.625,16.6043,399
77.6417,16.6043,399
77.6583,16.6043,383
77.675,16.6043,381
77.6917,16.6043,383
77.7083,16.6043,389
77.725,16.6043,389
77.7417,16.6043,387
77.7583,16.6043,381
77.775,16.6043,385
77.7917,16.6043,383
77.8083,16.6043,377
77.825,16.6043,383
77.8417,16.6043,387
77.8583,16.6043,379
77.875,16.6043,393
77.8917,16.6043,401
77.9083,16.6043,419
77.925,16.6043,401
77.9417,16.6043,399
77.9583,16.6043,421
77.975,16.6043,413
77.9917,16.6043,397
78.0083,16.6043,401
78.025,16.6043,409
78.0417,16.6043,417
78.0583,16.6043,431
78.075,16.6043,447
78.0917,16.6043,467
78.1083,16.6043,483
78.125,16.6043,481
78.1417,16.6043,489
78.1583,16.6043,503
78.175,16.6043,511
78.1917,16.6043,513
78.2083,16.6043,529
78.225,16.6043,521
78.2417,16.6043,517
78.2583,16.6043,505
78.275,16.6043,499
78.2917,16.6043,503
78.3083,16.6043,495
77.1083,16.5884,379
77.125,16.5884,385
77.1417,16.5884,375
77.1583,16.5884,359
77.175,16.5884,359
77.1917,16.5884,367
77.2083,16.5884,367
77.225,16.5884,373
77.2417,16.5884,375
77.2583,16.5884,381
77.275,16.5884,389
77.2917,16.5884,381
77.3083,16.5884,385
77.325,16.5884,393
77.3417,16.5884,397
77.3583,16.5884,387
77.375,16.5884,383
77.3917,16.5884,385
77.4083,16.5884,377
77.425,16.5884,379
77.4417,16.5884,373
77.4583,16.5884,369
77.475,16.5884,373
77.4917,16.5884,375
77.5083,16.5884,379
77.525,16.5884,379
77.5417,16.5884,389
77.5583,16.5884,397
77.575,16.5884,399
77.5917,16.5884,401
77.6083,16.5884,421
77.625,16.5884,401
77.6417,16.5884,395
77.6583,16.5884,389
77.675,16.5884,379
77.6917,16.5884,379
77.7083,16.5884,389
77.725,16.5884,389
77.7417,16.5884,381
77.7583,16.5884,375
77.775,16.5884,377
77.7917,16.5884,381
77.8083,16.5884,371
77.825,16.5884,381
77.8417,16.5884,389
77.8583,16.5884,377
77.875,16.5884,385
77.8917,16.5884,397
77.9083,16.5884,399
77.925,16.5884,391
77.9417,16.5884,407
77.9583,16.5884,401
77.975,16.5884,393
77.9917,16.5884,395
78.0083,16.5884,399
78.025,16.5884,409
78.0417,16.5884,415
78.0583,16.5884,423
78.075,16.5884,437
78.0917,16.5884,457
78.1083,16.5884,483
78.125,16.5884,491
78.1417,16.5884,497
78.1583,16.5884,501
78.175,16.5884,505
78.1917,16.5884,509
78.2083,16.5884,517
78.225,16.5884,507
78.2417,16.5884,513
78.2583,16.5884,517
78.275,16.5884,513
78.2917,16.5884,507
78.3083,16.5884,501
77.1083,16.5724,377
77.125,16.5724,383
77.1417,16.5724,373
77.1583,16.5724,363
77.175,16.5724,359
77.1917,16.5724,365
77.2083,16.5724,369
77.225,16.5724,373
77.2417,16.5724,371
77.2583,16.5724,379
77.275,16.5724,381
77.2917,16.5724,375
77.3083,16.5724,383
77.325,16.5724,389
77.3417,16.5724,395
77.3583,16.5724,387
77.375,16.5724,377
77.3917,16.5724,381
77.4083,16.5724,373
77.425,16.5724,379
77.4417,16.5724,373
77.4583,16.5724,365
77.475,16.5724,371
77.4917,16.5724,369
77.5083,16.5724,371
77.525,16.5724,379
77.5417,16.5724,389
77.5583,16.5724,389
77.575,16.5724,385
77.5917,16.5724,385
77.6083,16.5724,385
77.625,16.5724,389
77.6417,16.5724,389
77.6583,16.5724,393
77.675,16.5724,383
77.6917,16.5724,373
77.7083,16.5724,379
77.725,16.5724,387
77.7417,16.5724,381
77.7583,16.5724,371
77.775,16.5724,369
77.7917,16.5724,379
77.8083,16.5724,365
77.825,16.5724,379
77.8417,16.5724,385
77.8583,16.5724,373
77.875,16.5724,381
77.8917,16.5724,381
77.9083,16.5724,387
77.925,16.5724,383
77.9417,16.5724,385
77.9583,16.5724,383
77.975,16.5724,387
77.9917,16.5724,391
78.0083,16.5724,397
78.025,16.5724,407
78.0417,16.5724,421
78.0583,16.5724,473
78.075,16.5724,449
78.0917,16.5724,443
78.1083,16.5724,459
78.125,16.5724,475
78.1417,16.5724,493
78.1583,16.5724,501
78.175,16.5724,493
78.1917,16.5724,495
78.2083,16.5724,503
78.225,16.5724,499
78.2417,16.5724,499
78.2583,16.5724,501
78.275,16.5724,513
78.2917,16.5724,497
78.3083,16.5724,491
77.1083,16.5564,373
77.125,16.5564,373
77.1417,16.5564,367
77.1583,16.5564,363
77.175,16.5564,357
77.1917,16.5564,359
77.2083,16.5564,361
77.225,16.5564,367
77.2417,16.5564,365
77.2583,16.5564,371
77.275,16.5564,375
77.2917,16.5564,371
77.3083,16.5564,377
77.325,16.5564,385
77.3417,16.5564,391
77.3583,16.5564,383
77.375,16.5564,373
77.3917,16.5564,373
77.4083,16.5564,369
77.425,16.5564,371
77.4417,16.5564,369
77.4583,16.5564,363
77.475,16.5564,363
77.4917,16.5564,371
77.5083,16.5564,377
77.525,16.5564,379
77.5417,16.5564,383
77.5583,16.5564,387
77.575,16.5564,377
77.5917,16.5564,373
77.6083,16.5564,377
77.625,16.5564,377
77.6417,16.5564,385
77.6583,16.5564,393
77.675,16.5564,385
77.6917,16.5564,375
77.7083,16.5564,369
77.725,16.5564,371
77.7417,16.5564,375
77.7583,16.5564,367
77.775,16.5564,365
77.7917,16.5564,369
77.8083,16.5564,363
77.825,16.5564,375
77.8417,16.5564,379
77.8583,16.5564,367
77.875,16.5564,375
77.8917,16.5564,371
77.9083,16.5564,373
77.925,16.5564,373
77.9417,16.5564,375
77.9583,16.5564,381
77.975,16.5564,393
77.9917,16.5564,409
78.0083,16.5564,411
78.025,16.5564,409
78.0417,16.5564,435
78.0583,16.5564,473
78.075,16.5564,473
78.0917,16.5564,463
78.1083,16.5564,459
78.125,16.5564,475
78.1417,16.5564,493
78.1583,16.5564,495
78.175,16.5564,489
78.1917,16.5564,485
78.2083,16.5564,485
78.225,16.5564,489
78.2417,16.5564,485
78.2583,16.5564,489
78.275,16.5564,499
78.2917,16.5564,491
78.3083,16.5564,491
77.1083,16.5404,371
77.125,16.5404,369
77.1417,16.5404,367
77.1583,16.5404,359
77.175,16.5404,361
77.1917,16.5404,359
77.2083,16.5404,357
77.225,16.5404,369
77.2417,16.5404,363
77.2583,16.5404,369
77.275,16.5404,367
77.2917,16.5404,365
77.3083,16.5404,373
77.325,16.5404,375
77.3417,16.5404,379
77.3583,16.5404,383
77.375,16.5404,375
77.3917,16.5404,367
77.4083,16.5404,369
77.425,16.5404,367
77.4417,16.5404,369
77.4583,16.5404,361
77.475,16.5404,363
77.4917,16.5404,373
77.5083,16.5404,381
77.525,16.5404,379
77.5417,16.5404,383
77.5583,16.5404,379
77.575,16.5404,379
77.5917,16.5404,367
77.6083,16.5404,365
77.625,16.5404,369
77.6417,16.5404,377
77.6583,16.5404,385
77.675,16.5404,379
77.6917,16.5404,379
77.7083,16.5404,371
77.725,16.5404,363
77.7417,16.5404,361
77.7583,16.5404,363
77.775,16.5404,357
77.7917,16.5404,363
77.8083,16.5404,357
77.825,16.5404,365
77.8417,16.5404,371
77.8583,16.5404,365
77.875,16.5404,367
77.8917,16.5404,365
77.9083,16.5404,363
77.925,16.5404,371
77.9417,16.5404,379
77.9583,16.5404,385
77.975,16.5404,409
77.9917,16.5404,409
78.0083,16.5404,465
78.025,16.5404,425
78.0417,16.5404,427
78.0583,16.5404,439
78.075,16.5404,501
78.0917,16.5404,481
78.1083,16.5404,475
78.125,16.5404,481
78.1417,16.5404,495
78.1583,16.5404,503
78.175,16.5404,497
78.1917,16.5404,491
78.2083,16.5404,481
78.225,16.5404,477
78.2417,16.5404,475
78.2583,16.5404,475
78.275,16.5404,487
78.2917,16.5404,481
78.3083,16.5404,479
77.1083,16.5245,373
77.125,16.5245,369
77.1417,16.5245,365
77.1583,16.5245,367
77.175,16.5245,373
77.1917,16.5245,361
77.2083,16.5245,361
77.225,16.5245,373
77.2417,16.5245,365
77.2583,16.5245,361
77.275,16.5245,361
77.2917,16.5245,365
77.3083,16.5245,367
77.325,16.5245,369
77.3417,16.5245,377
77.3583,16.5245,381
77.375,16.5245,373
77.3917,16.5245,369
77.4083,16.5245,361
77.425,16.5245,363
77.4417,16.5245,367
77.4583,16.5245,361
77.475,16.5245,361
77.4917,16.5245,373
77.5083,16.5245,379
77.525,16.5245,373
77.5417,16.5245,375
77.5583,16.5245,373
77.575,16.5245,373
77.5917,16.5245,365
77.6083,16.5245,357
77.625,16.5245,361
77.6417,16.5245,371
77.6583,16.5245,373
77.675,16.5245,371
77.6917,16.5245,369
77.7083,16.5245,375
77.725,16.5245,369
77.7417,16.5245,359
77.7583,16.5245,355
77.775,16.5245,351
77.7917,16.5245,355
77.8083,16.5245,353
77.825,16.5245,361
77.8417,16.5245,365
77.8583,16.5245,363
77.875,16.5245,359
77.8917,16.5245,359
77.9083,16.5245,365
77.925,16.5245,371
77.9417,16.5245,379
77.9583,16.5245,391
77.975,16.5245,397
77.9917,16.5245,407
78.0083,16.5245,433
78.025,16.5245,429
78.0417,16.5245,449
78.0583,16.5245,469
78.075,16.5245,481
78.0917,16.5245,505
78.1083,16.5245,505
78.125,16.5245,509
78.1417,16.5245,515
78.1583,16.5245,513
78.175,16.5245,503
78.1917,16.5245,503
78.2083,16.5245,497
78.225,16.5245,481
78.2417,16.5245,475
78.2583,16.5245,467
78.275,16.5245,471
78.2917,16.5245,479
78.3083,16.5245,469
77.1083,16.5085,363
77.125,16.5085,373
77.1417,16.5085,367
77.1583,16.5085,367
77.175,16.5085,369
77.1917,16.5085,361
77.2083,16.5085,357
77.225,16.5085,363
77.2417,16.5085,365
77.2583,16.5085,357
77.275,16.5085,357
77.2917,16.5085,359
77.3083,16.5085,363
77.325,16.5085,367
77.3417,16.5085,375
77.3583,16.5085,375
77.375,16.5085,369
77.3917,16.5085,363
77.4083,16.5085,357
77.425,16.5085,361
77.4417,16.5085,361
77.4583,16.5085,355
77.475,16.5085,363
77.4917,16.5085,371
77.5083,16.5085,373
77.525,16.5085,367
77.5417,16.5085,369
77.5583,16.5085,367
77.575,16.5085,369
77.5917,16.5085,361
77.6083,16.5085,353
77.625,16.5085,357
77.6417,16.5085,367
77.6583,16.5085,365
77.675,16.5085,361
77.6917,16.5085,365
77.7083,16.5085,367
77.725,16.5085,371
77.7417,16.5085,373
77.7583,16.5085,363
77.775,16.5085,353
77.7917,16.5085,345
77.8083,16.5085,353
77.825,16.5085,359
77.8417,16.5085,367
77.8583,16.5085,359
77.875,16.5085,355
77.8917,16.5085,355
77.9083,16.5085,359
77.925,16.5085,363
77.9417,16.5085,379
77.9583,16.5085,389
77.975,16.5085,395
77.9917,16.5085,401
78.0083,16.5085,409
78.025,16.5085,421
78.0417,16.5085,439
78.0583,16.5085,467
78.075,16.5085,501
78.0917,16.5085,525
78.1083,16.5085,527
78.125,16.5085,531
78.1417,16.5085,527
78.1583,16.5085,509
78.175,16.5085,503
78.1917,16.5085,501
78.2083,16.5085,489
78.225,16.5085,483
78.2417,16.5085,475
78.2583,16.5085,467
78.275,16.5085,465
78.2917,16.5085,461
78.3083,16.5085,459
77.1083,16.4925,353
77.125,16.4925,355
77.1417,16.4925,355
77.1583,16.4925,357
77.175,16.4925,363
77.1917,16.4925,363
77.2083,16.4925,355
77.225,16.4925,353
77.2417,16.4925,355
77.2583,16.4925,355
77.275,16.4925,357
77.2917,16.4925,365
77.3083,16.4925,373
77.325,16.4925,377
77.3417,16.4925,379
77.3583,16.4925,377
77.375,16.4925,369
77.3917,16.4925,363
77.4083,16.4925,357
77.425,16.4925,353
77.4417,16.4925,353
77.4583,16.4925,357
77.475,16.4925,367
77.4917,16.4925,377
77.5083,16.4925,369
77.525,16.4925,361
77.5417,16.4925,365
77.5583,16.4925,365
77.575,16.4925,363
77.5917,16.4925,357
77.6083,16.4925,353
77.625,16.4925,349
77.6417,16.4925,357
77.6583,16.4925,363
77.675,16.4925,355
77.6917,16.4925,359
77.7083,16.4925,357
77.725,16.4925,361
77.7417,16.4925,367
77.7583,16.4925,357
77.775,16.4925,351
77.7917,16.4925,343
77.8083,16.4925,345
77.825,16.4925,355
77.8417,16.4925,363
77.8583,16.4925,363
77.875,16.4925,353
77.8917,16.4925,351
77.9083,16.4925,353
77.925,16.4925,355
77.9417,16.4925,373
77.9583,16.4925,415
77.975,16.4925,383
77.9917,16.4925,385
78.0083,16.4925,407
78.025,16.4925,415
78.0417,16.4925,427
78.0583,16.4925,465
78.075,16.4925,511
78.0917,16.4925,511
78.1083,16.4925,535
78.125,16.4925,541
78.1417,16.4925,525
78.1583,16.4925,511
78.175,16.4925,495
78.1917,16.4925,487
78.2083,16.4925,481
78.225,16.4925,477
78.2417,16.4925,479
78.2583,16.4925,477
78.275,16.4925,485
78.2917,16.4925,473
78.3083,16.4925,463
77.1083,16.4765,353
77.125,16.4765,353
77.1417,16.4765,351
77.1583,16.4765,349
77.175,16.4765,365
77.1917,16.4765,373
77.2083,16.4765,369
77.225,16.4765,355
77.2417,16.4765,349
77.2583,16.4765,357
77.275,16.4765,361
77.2917,16.4765,363
77.3083,16.4765,373
77.325,16.4765,375
77.3417,16.4765,373
77.3583,16.4765,373
77.375,16.4765,375
77.3917,16.4765,367
77.4083,16.4765,363
77.425,16.4765,349
77.4417,16.4765,351
77.4583,16.4765,361
77.475,16.4765,367
77.4917,16.4765,365
77.5083,16.4765,371
77.525,16.4765,359
77.5417,16.4765,357
77.5583,16.4765,361
77.575,16.4765,359
77.5917,16.4765,351
77.6083,16.4765,347
77.625,16.4765,345
77.6417,16.4765,353
77.6583,16.4765,357
77.675,16.4765,353
77.6917,16.4765,347
77.7083,16.4765,349
77.725,16.4765,359
77.7417,16.4765,369
77.7583,16.4765,365
77.775,16.4765,359
77.7917,16.4765,349
77.8083,16.4765,339
77.825,16.4765,347
77.8417,16.4765,383
77.8583,16.4765,367
77.875,16.4765,357
77.8917,16.4765,347
77.9083,16.4765,345
77.925,16.4765,351
77.9417,16.4765,355
77.9583,16.4765,359
77.975,16.4765,365
77.9917,16.4765,379
78.0083,16.4765,415
78.025,16.4765,401
78.0417,16.4765,415
78.0583,16.4765,435
78.075,16.4765,473
78.0917,16.4765,475
78.1083,16.4765,479
78.125,16.4765,511
78.1417,16.4765,507
78.1583,16.4765,507
78.175,16.4765,493
78.1917,16.4765,485
78.2083,16.4765,487
78.225,16.4765,489
78.2417,16.4765,493
78.2583,16.4765,485
78.275,16.4765,487
78.2917,16.4765,473
78.3083,16.4765,461
77.1083,16.4605,359
77.125,16.4605,371
77.1417,16.4605,363
77.1583,16.4605,347
77.175,16.4605,359
77.1917,16.4605,369
77.2083,16.4605,367
77.225,16.4605,363
77.2417,16.4605,353
77.2583,16.4605,349
77.275,16.4605,353
77.2917,16.4605,359
77.3083,16.4605,365
77.325,16.4605,365
77.3417,16.4605,365
77.3583,16.4605,363
77.375,16.4605,371
77.3917,16.4605,365
77.4083,16.4605,355
77.425,16.4605,347
77.4417,16.4605,349
77.4583,16.4605,359
77.475,16.4605,359
77.4917,16.4605,357
77.5083,16.4605,361
77.525,16.4605,355
77.5417,16.4605,353
77.5583,16.4605,363
77.575,16.4605,355
77.5917,16.4605,347
77.6083,16.4605,343
77.625,16.4605,345
77.6417,16.4605,353
77.6583,16.4605,345
77.675,16.4605,345
77.6917,16.4605,341
77.7083,16.4605,349
77.725,16.4605,357
77.7417,16.4605,361
77.7583,16.4605,363
77.775,16.4605,361
77.7917,16.4605,351
77.8083,16.4605,339
77.825,16.4605,343
77.8417,16.4605,369
77.8583,16.4605,367
77.875,16.4605,363
77.8917,16.4605,353
77.9083,16.4605,345
77.925,16.4605,341
77.9417,16.4605,347
77.9583,16.4605,357
77.975,16.4605,361
77.9917,16.4605,371
78.0083,16.4605,387
78.025,16.4605,391
78.0417,16.4605,405
78.0583,16.4605,415
78.075,16.4605,429
78.0917,16.4605,437
78.1083,16.4605,439
78.125,16.4605,463
78.1417,16.4605,471
78.1583,16.4605,483
78.175,16.4605,493
78.1917,16.4605,501
78.2083,16.4605,503
78.225,16.4605,497
78.2417,16.4605,491
78.2583,16.4605,483
78.275,16.4605,471
78.2917,16.4605,465
78.3083,16.4605,469
77.1083,16.4445,373
77.125,16.4445,375
77.1417,16.4445,361
77.1583,16.4445,347
77.175,16.4445,353
77.1917,16.4445,361
77.2083,16.4445,359
77.225,16.4445,361
77.2417,16.4445,363
77.2583,16.4445,349
77.275,16.4445,351
77.2917,16.4445,357
77.3083,16.4445,359
77.325,16.4445,361
77.3417,16.4445,357
77.3583,16.4445,361
77.375,16.4445,367
77.3917,16.4445,369
77.4083,16.4445,363
77.425,16.4445,351
77.4417,16.4445,345
77.4583,16.4445,345
77.475,16.4445,349
77.4917,16.4445,349
77.5083,16.4445,347
77.525,16.4445,347
77.5417,16.4445,353
77.5583,16.4445,363
77.575,16.4445,355
77.5917,16.4445,347
77.6083,16.4445,337
77.625,16.4445,343
77.6417,16.4445,349
77.6583,16.4445,341
77.675,16.4445,335
77.6917,16.4445,343
77.7083,16.4445,351
77.725,16.4445,361
77.7417,16.4445,357
77.7583,16.4445,353
77.775,16.4445,357
77.7917,16.4445,347
77.8083,16.4445,335
77.825,16.4445,341
77.8417,16.4445,391
77.8583,16.4445,365
77.875,16.4445,351
77.8917,16.4445,345
77.9083,16.4445,339
77.925,16.4445,337
77.9417,16.4445,349
77.9583,16.4445,355
77.975,16.4445,363
77.9917,16.4445,369
78.0083,16.4445,377
78.025,16.4445,385
78.0417,16.4445,395
78.0583,16.4445,407
78.075,16.4445,419
78.0917,16.4445,415
78.1083,16.4445,423
78.125,16.4445,433
78.1417,16.4445,447
78.1583,16.4445,467
78.175,16.4445,489
78.1917,16.4445,505
78.2083,16.4445,505
78.225,16.4445,491
78.2417,16.4445,479
78.2583,16.4445,473
78.275,16.4445,473
78.2917,16.4445,481
78.3083,16.4445,485
77.1083,16.4286,375
77.125,16.4286,367
77.1417,16.4286,359
77.1583,16.4286,355
77.175,16.4286,349
77.1917,16.4286,345
77.2083,16.4286,345
77.225,16.4286,345
77.2417,16.4286,349
77.2583,16.4286,351
77.275,16.4286,345
77.2917,16.4286,351
77.3083,16.4286,361
77.325,16.4286,355
77.3417,16.4286,351
77.3583,16.4286,355
77.375,16.4286,361
77.3917,16.4286,367
77.4083,16.4286,365
77.425,16.4286,355
77.4417,16.4286,351
77.4583,16.4286,347
77.475,16.4286,341
77.4917,16.4286,341
77.5083,16.4286,343
77.525,16.4286,349
77.5417,16.4286,349
77.5583,16.4286,357
77.575,16.4286,357
77.5917,16.4286,347
77.6083,16.4286,337
77.625,16.4286,335
77.6417,16.4286,343
77.6583,16.4286,335
77.675,16.4286,333
77.6917,16.4286,339
77.7083,16.4286,347
77.725,16.4286,349
77.7417,16.4286,357
77.7583,16.4286,347
77.775,16.4286,353
77.7917,16.4286,343
77.8083,16.4286,333
77.825,16.4286,333
77.8417,16.4286,347
77.8583,16.4286,349
77.875,16.4286,351
77.8917,16.4286,339
77.9083,16.4286,335
77.925,16.4286,345
77.9417,16.4286,353
77.9583,16.4286,373
77.975,16.4286,369
77.9917,16.4286,371
78.0083,16.4286,377
78.025,16.4286,387
78.0417,16.4286,393
78.0583,16.4286,403
78.075,16.4286,405
78.0917,16.4286,409
78.1083,16.4286,419
78.125,16.4286,425
78.1417,16.4286,445
78.1583,16.4286,459
78.175,16.4286,467
78.1917,16.4286,483
78.2083,16.4286,489
78.225,16.4286,493
78.2417,16.4286,483
78.2583,16.4286,481
78.275,16.4286,489
78.2917,16.4286,493
78.3083,16.4286,501
77.1083,16.4126,375
77.125,16.4126,371
77.1417,16.4126,365
77.1583,16.4126,365
77.175,16.4126,357
77.1917,16.4126,353
77.2083,16.4126,355
77.225,16.4126,351
77.2417,16.4126,345
77.2583,16.4126,345
77.275,16.4126,345
77.2917,16.4126,341
77.3083,16.4126,349
77.325,16.4126,351
77.3417,16.4126,345
77.3583,16.4126,351
77.375,16.4126,351
77.3917,16.4126,355
77.4083,16.4126,359
77.425,16.4126,351
77.4417,16.4126,347
77.4583,16.4126,353
77.475,16.4126,347
77.4917,16.4126,339
77.5083,16.4126,339
77.525,16.4126,341
77.5417,16.4126,343
77.5583,16.4126,347
77.575,16.4126,353
77.5917,16.4126,347
77.6083,16.4126,337
77.625,16.4126,331
77.6417,16.4126,337
77.6583,16.4126,333
77.675,16.4126,329
77.6917,16.4126,339
77.7083,16.4126,343
77.725,16.4126,341
77.7417,16.4126,353
77.7583,16.4126,349
77.775,16.4126,341
77.7917,16.4126,341
77.8083,16.4126,331
77.825,16.4126,327
77.8417,16.4126,333
77.8583,16.4126,339
77.875,16.4126,347
77.8917,16.4126,337
77.9083,16.4126,335
77.925,16.4126,351
77.9417,16.4126,351
77.9583,16.4126,363
77.975,16.4126,367
77.9917,16.4126,359
78.0083,16.4126,371
78.025,16.4126,381
78.0417,16.4126,383
78.0583,16.4126,389
78.075,16.4126,397
78.0917,16.4126,401
78.1083,16.4126,409
78.125,16.4126,421
78.1417,16.4126,435
78.1583,16.4126,449
78.175,16.4126,449
78.1917,16.4126,477
78.2083,16.4126,493
78.225,16.4126,499
78.2417,16.4126,485
78.2583,16.4126,495
78.275,16.4126,493
78.2917,16.4126,503
78.3083,16.4126,511
77.1083,16.3966,379
77.125,16.3966,377
77.1417,16.3966,369
77.1583,16.3966,363
77.175,16.3966,357
77.1917,16.3966,355
77.2083,16.3966,367
77.225,16.3966,363
77.2417,16.3966,357
77.2583,16.3966,345
77.275,16.3966,343
77.2917,16.3966,343
77.3083,16.3966,339
77.325,16.3966,339
77.3417,16.3966,341
77.3583,16.3966,347
77.375,16.3966,345
77.3917,16.3966,347
77.4083,16.3966,353
77.425,16.3966,349
77.4417,16.3966,343
77.4583,16.3966,347
77.475,16.3966,343
77.4917,16.3966,343
77.5083,16.3966,337
77.525,16.3966,333
77.5417,16.3966,337
77.5583,16.3966,345
77.575,16.3966,353
77.5917,16.3966,347
77.6083,16.3966,337
77.625,16.3966,329
77.6417,16.3966,329
77.6583,16.3966,327
77.675,16.3966,331
77.6917,16.3966,339
77.7083,16.3966,345
77.725,16.3966,337
77.7417,16.3966,345
77.7583,16.3966,349
77.775,16.3966,341
77.7917,16.3966,345
77.8083,16.3966,335
77.825,16.3966,325
77.8417,16.3966,327
77.8583,16.3966,331
77.875,16.3966,335
77.8917,16.3966,329
77.9083,16.3966,333
77.925,16.3966,337
77.9417,16.3966,343
77.9583,16.3966,349
77.975,16.3966,353
77.9917,16.3966,361
78.0083,16.3966,363
78.025,16.3966,371
78.0417,16.3966,381
78.0583,16.3966,387
78.075,16.3966,391
78.0917,16.3966,397
78.1083,16.3966,407
78.125,16.3966,419
78.1417,16.3966,425
78.1583,16.3966,443
78.175,16.3966,471
78.1917,16.3966,475
78.2083,16.3966,501
78.225,16.3966,503
78.2417,16.3966,495
78.2583,16.3966,495
78.275,16.3966,485
78.2917,16.3966,511
78.3083,16.3966,511
77.1083,16.3806,385
77.125,16.3806,375
77.1417,16.3806,367
77.1583,16.3806,363
77.175,16.3806,359
77.1917,16.3806,367
77.2083,16.3806,373
77.225,16.3806,365
77.2417,16.3806,361
77.2583,16.3806,353
77.275,16.3806,355
77.2917,16.3806,359
77.3083,16.3806,349
77.325,16.3806,347
77.3417,16.3806,339
77.3583,16.3806,337
77.375,16.3806,337
77.3917,16.3806,337
77.4083,16.3806,347
77.425,16.3806,345
77.4417,16.3806,335
77.4583,16.3806,335
77.475,16.3806,331
77.4917,16.3806,333
77.5083,16.3806,335
77.525,16.3806,331
77.5417,16.3806,339
77.5583,16.3806,343
77.575,16.3806,347
77.5917,16.3806,341
77.6083,16.3806,333
77.625,16.3806,329
77.6417,16.3806,325
77.6583,16.3806,321
77.675,16.3806,331
77.6917,16.3806,331
77.7083,16.3806,341
77.725,16.3806,333
77.7417,16.3806,347
77.7583,16.3806,345
77.775,16.3806,337
77.7917,16.3806,341
77.8083,16.3806,339
77.825,16.3806,333
77.8417,16.3806,321
77.8583,16.3806,325
77.875,16.3806,325
77.8917,16.3806,333
77.9083,16.3806,345
77.925,16.3806,349
77.9417,16.3806,351
77.9583,16.3806,359
77.975,16.3806,367
77.9917,16.3806,383
78.0083,16.3806,391
78.025,16.3806,375
78.0417,16.3806,389
78.0583,16.3806,401
78.075,16.3806,409
78.0917,16.3806,411
78.1083,16.3806,415
78.125,16.3806,431
78.1417,16.3806,435
78.1583,16.3806,445
78.175,16.3806,461
78.1917,16.3806,459
78.2083,16.3806,489
78.225,16.3806,515
78.2417,16.3806,497
78.2583,16.3806,485
78.275,16.3806,469
78.2917,16.3806,477
78.3083,16.3806,489
77.1083,16.3646,379
77.125,16.3646,377
77.1417,16.3646,375
77.1583,16.3646,367
77.175,16.3646,365
77.1917,16.3646,377
77.2083,16.3646,375
77.225,16.3646,369
77.2417,16.3646,357
77.2583,16.3646,355
77.275,16.3646,361
77.2917,16.3646,365
77.3083,16.3646,357
77.325,16.3646,361
77.3417,16.3646,353
77.3583,16.3646,353
77.375,16.3646,349
77.3917,16.3646,337
77.4083,16.3646,335
77.425,16.3646,333
77.4417,16.3646,339
77.4583,16.3646,345
77.475,16.3646,339
77.4917,16.3646,331
77.5083,16.3646,329
77.525,16.3646,327
77.5417,16.3646,331
77.5583,16.3646,335
77.575,16.3646,333
77.5917,16.3646,333
77.6083,16.3646,327
77.625,16.3646,321
77.6417,16.3646,321
77.6583,16.3646,319
77.675,16.3646,319
77.6917,16.3646,323
77.7083,16.3646,329
77.725,16.3646,325
77.7417,16.3646,333
77.7583,16.3646,341
77.775,16.3646,335
77.7917,16.3646,333
77.8083,16.3646,331
77.825,16.3646,331
77.8417,16.3646,319
77.8583,16.3646,317
77.875,16.3646,323
77.8917,16.3646,335
77.9083,16.3646,345
77.925,16.3646,353
77.9417,16.3646,355
77.9583,16.3646,371
77.975,16.3646,387
77.9917,16.3646,381
78.0083,16.3646,405
78.025,16.3646,397
78.0417,16.3646,389
78.0583,16.3646,395
78.075,16.3646,405
78.0917,16.3646,421
78.1083,16.3646,423
78.125,16.3646,445
78.1417,16.3646,481
78.1583,16.3646,461
78.175,16.3646,443
78.1917,16.3646,445
78.2083,16.3646,465
78.225,16.3646,473
78.2417,16.3646,485
78.2583,16.3646,475
78.275,16.3646,461
78.2917,16.3646,457
78.3083,16.3646,465
77.1083,16.3486,385
77.125,16.3486,379
77.1417,16.3486,373
77.1583,16.3486,373
77.175,16.3486,379
77.1917,16.3486,383
77.2083,16.3486,373
77.225,16.3486,365
77.2417,16.3486,363
77.2583,16.3486,363
77.275,16.3486,369
77.2917,16.3486,373
77.3083,16.3486,371
77.325,16.3486,371
77.3417,16.3486,361
77.3583,16.3486,355
77.375,16.3486,345
77.3917,16.3486,343
77.4083,16.3486,345
77.425,16.3486,345
77.4417,16.3486,351
77.4583,16.3486,349
77.475,16.3486,347
77.4917,16.3486,341
77.5083,16.3486,333
77.525,16.3486,327
77.5417,16.3486,325
77.5583,16.3486,325
77.575,16.3486,327
77.5917,16.3486,323
77.6083,16.3486,319
77.625,16.3486,319
77.6417,16.3486,319
77.6583,16.3486,319
77.675,16.3486,317
77.6917,16.3486,319
77.7083,16.3486,321
77.725,16.3486,319
77.7417,16.3486,327
77.7583,16.3486,327
77.775,16.3486,331
77.7917,16.3486,329
77.8083,16.3486,325
77.825,16.3486,325
77.8417,16.3486,315
77.8583,16.3486,321
77.875,16.3486,323
77.8917,16.3486,331
77.9083,16.3486,327
77.925,16.3486,335
77.9417,16.3486,343
77.9583,16.3486,351
77.975,16.3486,353
77.9917,16.3486,367
78.0083,16.3486,387
78.025,16.3486,397
78.0417,16.3486,417
78.0583,16.3486,417
78.075,16.3486,419
78.0917,16.3486,435
78.1083,16.3486,449
78.125,16.3486,445
78.1417,16.3486,451
78.1583,16.3486,461
78.175,16.3486,443
78.1917,16.3486,433
78.2083,16.3486,439
78.225,16.3486,439
78.2417,16.3486,465
78.2583,16.3486,493
78.275,16.3486,445
78.2917,16.3486,447
78.3083,16.3486,445
77.1083,16.3326,385
77.125,16.3326,383
77.1417,16.3326,387
77.1583,16.3326,383
77.175,16.3326,389
77.1917,16.3326,385
77.2083,16.3326,377
77.225,16.3326,373
77.2417,16.3326,367
77.2583,16.3326,371
77.275,16.3326,375
77.2917,16.3326,373
77.3083,16.3326,367
77.325,16.3326,359
77.3417,16.3326,357
77.3583,16.3326,347
77.375,16.3326,345
77.3917,16.3326,349
77.4083,16.3326,355
77.425,16.3326,351
77.4417,16.3326,355
77.4583,16.3326,361
77.475,16.3326,351
77.4917,16.3326,357
77.5083,16.3326,355
77.525,16.3326,337
77.5417,16.3326,327
77.5583,16.3326,323
77.575,16.3326,321
77.5917,16.3326,323
77.6083,16.3326,323
77.625,16.3326,329
77.6417,16.3326,331
77.6583,16.3326,329
77.675,16.3326,319
77.6917,16.3326,317
77.7083,16.3326,311
77.725,16.3326,309
77.7417,16.3326,311
77.7583,16.3326,317
77.775,16.3326,327
77.7917,16.3326,327
77.8083,16.3326,327
77.825,16.3326,317
77.8417,16.3326,311
77.8583,16.3326,309
77.875,16.3326,315
77.8917,16.3326,315
77.9083,16.3326,319
77.925,16.3326,323
77.9417,16.3326,329
77.9583,16.3326,337
77.975,16.3326,353
77.9917,16.3326,375
78.0083,16.3326,403
78.025,16.3326,421
78.0417,16.3326,419
78.0583,16.3326,421
78.075,16.3326,435
78.0917,16.3326,445
78.1083,16.3326,463
78.125,16.3326,463
78.1417,16.3326,461
78.1583,16.3326,445
78.175,16.3326,439
78.1917,16.3326,427
78.2083,16.3326,421
78.225,16.3326,435
78.2417,16.3326,451
78.2583,16.3326,441
78.275,16.3326,433
78.2917,16.3326,443
78.3083,16.3326,435
77.1083,16.3166,391
77.125,16.3166,387
77.1417,16.3166,399
77.1583,16.3166,395
77.175,16.3166,389
77.1917,16.3166,383
77.2083,16.3166,377
77.225,16.3166,375
77.2417,16.3166,379
77.2583,16.3166,377
77.275,16.3166,381
77.2917,16.3166,369
77.3083,16.3166,361
77.325,16.3166,353
77.3417,16.3166,351
77.3583,16.3166,355
77.375,16.3166,349
77.3917,16.3166,357
77.4083,16.3166,365
77.425,16.3166,369
77.4417,16.3166,369
77.4583,16.3166,371
77.475,16.3166,363
77.4917,16.3166,361
77.5083,16.3166,351
77.525,16.3166,341
77.5417,16.3166,335
77.5583,16.3166,331
77.575,16.3166,331
77.5917,16.3166,329
77.6083,16.3166,333
77.625,16.3166,333
77.6417,16.3166,341
77.6583,16.3166,331
77.675,16.3166,321
77.6917,16.3166,321
77.7083,16.3166,323
77.725,16.3166,315
77.7417,16.3166,307
77.7583,16.3166,303
77.775,16.3166,311
77.7917,16.3166,313
77.8083,16.3166,323
77.825,16.3166,321
77.8417,16.3166,319
77.8583,16.3166,311
77.875,16.3166,307
77.8917,16.3166,307
77.9083,16.3166,315
77.925,16.3166,329
77.9417,16.3166,337
77.9583,16.3166,339
77.975,16.3166,345
77.9917,16.3166,355
78.0083,16.3166,363
78.025,16.3166,393
78.0417,16.3166,447
78.0583,16.3166,447
78.075,16.3166,459
78.0917,16.3166,465
78.1083,16.3166,471
78.125,16.3166,491
78.1417,16.3166,473
78.1583,16.3166,449
78.175,16.3166,435
78.1917,16.3166,423
78.2083,16.3166,413
78.225,16.3166,415
78.2417,16.3166,419
78.2583,16.3166,425
78.275,16.3166,421
78.2917,16.3166,433
78.3083,16.3166,419
77.1083,16.3006,397
77.125,16.3006,395
77.1417,16.3006,399
77.1583,16.3006,405
77.175,16.3006,397
77.1917,16.3006,389
77.2083,16.3006,389
77.225,16.3006,389
77.2417,16.3006,383
77.2583,16.3006,377
77.275,16.3006,371
77.2917,16.3006,361
77.3083,16.3006,359
77.325,16.3006,359
77.3417,16.3006,363
77.3583,16.3006,363
77.375,16.3006,353
77.3917,16.3006,357
77.4083,16.3006,365
77.425,16.3006,373
77.4417,16.3006,381
77.4583,16.3006,389
77.475,16.3006,383
77.4917,16.3006,375
77.5083,16.3006,363
77.525,16.3006,355
77.5417,16.3006,345
77.5583,16.3006,341
77.575,16.3006,339
77.5917,16.3006,339
77.6083,16.3006,345
77.625,16.3006,349
77.6417,16.3006,345
77.6583,16.3006,337
77.675,16.3006,339
77.6917,16.3006,335
77.7083,16.3006,333
77.725,16.3006,325
77.7417,16.3006,319
77.7583,16.3006,311
77.775,16.3006,301
77.7917,16.3006,297
77.8083,16.3006,307
77.825,16.3006,313
77.8417,16.3006,321
77.8583,16.3006,315
77.875,16.3006,303
77.8917,16.3006,303
77.9083,16.3006,315
77.925,16.3006,323
77.9417,16.3006,343
77.9583,16.3006,351
77.975,16.3006,353
77.9917,16.3006,363
78.0083,16.3006,371
78.025,16.3006,389
78.0417,16.3006,425
78.0583,16.3006,419
78.075,16.3006,419
78.0917,16.3006,419
78.1083,16.3006,419
78.125,16.3006,435
78.1417,16.3006,449
78.1583,16.3006,485
78.175,16.3006,443
78.1917,16.3006,429
78.2083,16.3006,419
78.225,16.3006,405
78.2417,16.3006,403
78.2583,16.3006,405
78.275,16.3006,409
78.2917,16.3006,409
78.3083,16.3006,403
77.1083,16.2846,401
77.125,16.2846,405
77.1417,16.2846,403
77.1583,16.2846,397
77.175,16.2846,395
77.1917,16.2846,389
77.2083,16.2846,387
77.225,16.2846,385
77.2417,16.2846,381
77.2583,16.2846,369
77.275,16.2846,365
77.2917,16.2846,363
77.3083,16.2846,367
77.325,16.2846,367
77.3417,16.2846,373
77.3583,16.2846,369
77.375,16.2846,359
77.3917,16.2846,359
77.4083,16.2846,365
77.425,16.2846,371
77.4417,16.2846,379
77.4583,16.2846,391
77.475,16.2846,387
77.4917,16.2846,375
77.5083,16.2846,361
77.525,16.2846,355
77.5417,16.2846,355
77.5583,16.2846,353
77.575,16.2846,355
77.5917,16.2846,349
77.6083,16.2846,347
77.625,16.2846,361
77.6417,16.2846,355
77.6583,16.2846,347
77.675,16.2846,355
77.6917,16.2846,353
77.7083,16.2846,341
77.725,16.2846,331
77.7417,16.2846,323
77.7583,16.2846,315
77.775,16.2846,315
77.7917,16.2846,305
77.8083,16.2846,293
77.825,16.2846,297
77.8417,16.2846,307
77.8583,16.2846,311
77.875,16.2846,311
77.8917,16.2846,297
77.9083,16.2846,303
77.925,16.2846,315
77.9417,16.2846,325
77.9583,16.2846,337
77.975,16.2846,355
77.9917,16.2846,369
78.0083,16.2846,375
78.025,16.2846,371
78.0417,16.2846,381
78.0583,16.2846,391
78.075,16.2846,389
78.0917,16.2846,395
78.1083,16.2846,401
78.125,16.2846,405
78.1417,16.2846,413
78.1583,16.2846,461
78.175,16.2846,455
78.1917,16.2846,431
78.2083,16.2846,415
78.225,16.2846,405
78.2417,16.2846,393
78.2583,16.2846,397
78.275,16.2846,403
78.2917,16.2846,399
78.3083,16.2846,393
77.1083,16.2686,409
77.125,16.2686,407
77.1417,16.2686,403
77.1583,16.2686,395
77.175,16.2686,387
77.1917,16.2686,383
77.2083,16.2686,381
77.225,16.2686,377
77.2417,16.2686,375
77.2583,16.2686,379
77.275,16.2686,371
77.2917,16.2686,371
77.3083,16.2686,371
77.325,16.2686,375
77.3417,16.2686,383
77.3583,16.2686,371
77.375,16.2686,365
77.3917,16.2686,367
77.4083,16.2686,365
77.425,16.2686,369
77.4417,16.2686,375
77.4583,16.2686,387
77.475,16.2686,385
77.4917,16.2686,371
77.5083,16.2686,363
77.525,16.2686,365
77.5417,16.2686,375
77.5583,16.2686,369
77.575,16.2686,375
77.5917,16.2686,363
77.6083,16.2686,359
77.625,16.2686,363
77.6417,16.2686,379
77.6583,16.2686,361
77.675,16.2686,365
77.6917,16.2686,357
77.7083,16.2686,345
77.725,16.2686,331
77.7417,16.2686,331
77.7583,16.2686,321
77.775,16.2686,325
77.7917,16.2686,313
77.8083,16.2686,303
77.825,16.2686,293
77.8417,16.2686,287
77.8583,16.2686,295
77.875,16.2686,305
77.8917,16.2686,303
77.9083,16.2686,297
77.925,16.2686,307
77.9417,16.2686,321
77.9583,16.2686,337
77.975,16.2686,355
77.9917,16.2686,357
78.0083,16.2686,353
78.025,16.2686,359
78.0417,16.2686,371
78.0583,16.2686,365
78.075,16.2686,369
78.0917,16.2686,375
78.1083,16.2686,381
78.125,16.2686,395
78.1417,16.2686,433
78.1583,16.2686,437
78.175,16.2686,453
78.1917,16.2686,421
78.2083,16.2686,405
78.225,16.2686,397
78.2417,16.2686,389
78.2583,16.2686,397
78.275,16.2686,387
78.2917,16.2686,387
78.3083,16.2686,383
77.1083,16.2526,409
77.125,16.2526,401
77.1417,16.2526,397
77.1583,16.2526,391
77.175,16.2526,393
77.1917,16.2526,389
77.2083,16.2526,383
77.225,16.2526,381
77.2417,16.2526,385
77.2583,16.2526,387
77.275,16.2526,373
77.2917,16.2526,377
77.3083,16.2526,379
77.325,16.2526,379
77.3417,16.2526,381
77.3583,16.2526,381
77.375,16.2526,375
77.3917,16.2526,381
77.4083,16.2526,377
77.425,16.2526,375
77.4417,16.2526,379
77.4583,16.2526,389
77.475,16.2526,393
77.4917,16.2526,385
77.5083,16.2526,369
77.525,16.2526,371
77.5417,16.2526,387
77.5583,16.2526,387
77.575,16.2526,389
77.5917,16.2526,379
77.6083,16.2526,371
77.625,16.2526,369
77.6417,16.2526,381
77.6583,16.2526,377
77.675,16.2526,371
77.6917,16.2526,353
77.7083,16.2526,345
77.725,16.2526,343
77.7417,16.2526,339
77.7583,16.2526,325
77.775,16.2526,333
77.7917,16.2526,321
77.8083,16.2526,311
77.825,16.2526,305
77.8417,16.2526,291
77.8583,16.2526,281
77.875,16.2526,291
77.8917,16.2526,301
77.9083,16.2526,291
77.925,16.2526,303
77.9417,16.2526,313
77.9583,16.2526,333
77.975,16.2526,343
77.9917,16.2526,337
78.0083,16.2526,337
78.025,16.2526,355
78.0417,16.2526,353
78.0583,16.2526,351
78.075,16.2526,359
78.0917,16.2526,361
78.1083,16.2526,365
78.125,16.2526,415
78.1417,16.2526,425
78.1583,16.2526,407
78.175,16.2526,401
78.1917,16.2526,405
78.2083,16.2526,395
78.225,16.2526,383
78.2417,16.2526,381
78.2583,16.2526,403
78.275,16.2526,393
78.2917,16.2526,373
78.3083,16.2526,375
77.1083,16.2366,407
77.125,16.2366,409
77.1417,16.2366,403
77.1583,16.2366,401
77.175,16.2366,397
77.1917,16.2366,395
77.2083,16.2366,397
77.225,16.2366,389
77.2417,16.2366,389
77.2583,16.2366,385
77.275,16.2366,377
77.2917,16.2366,377
77.3083,16.2366,383
77.325,16.2366,383
77.3417,16.2366,389
77.3583,16.2366,391
77.375,16.2366,387
77.3917,16.2366,395
77.4083,16.2366,393
77.425,16.2366,383
77.4417,16.2366,387
77.4583,16.2366,393
77.475,16.2366,399
77.4917,16.2366,385
77.5083,16.2366,375
77.525,16.2366,379
77.5417,16.2366,393
77.5583,16.2366,411
77.575,16.2366,409
77.5917,16.2366,391
77.6083,16.2366,383
77.625,16.2366,387
77.6417,16.2366,385
77.6583,16.2366,399
77.675,16.2366,373
77.6917,16.2366,363
77.7083,16.2366,355
77.725,16.2366,351
77.7417,16.2366,343
77.7583,16.2366,331
77.775,16.2366,333
77.7917,16.2366,329
77.8083,16.2366,323
77.825,16.2366,313
77.8417,16.2366,305
77.8583,16.2366,295
77.875,16.2366,281
77.8917,16.2366,283
77.9083,16.2366,289
77.925,16.2366,291
77.9417,16.2366,303
77.9583,16.2366,313
77.975,16.2366,325
77.9917,16.2366,323
78.0083,16.2366,337
78.025,16.2366,331
78.0417,16.2366,339
78.0583,16.2366,347
78.075,16.2366,363
78.0917,16.2366,355
78.1083,16.2366,355
78.125,16.2366,385
78.1417,16.2366,409
78.1583,16.2366,401
78.175,16.2366,385
78.1917,16.2366,383
78.2083,16.2366,387
78.225,16.2366,375
78.2417,16.2366,391
78.2583,16.2366,411
78.275,16.2366,421
78.2917,16.2366,369
78.3083,16.2366,363
77.1083,16.2206,413
77.125,16.2206,407
77.1417,16.2206,405
77.1583,16.2206,407
77.175,16.2206,401
77.1917,16.2206,399
77.2083,16.2206,403
77.225,16.2206,393
77.2417,16.2206,393
77.2583,16.2206,385
77.275,16.2206,383
77.2917,16.2206,381
77.3083,16.2206,383
77.325,16.2206,389
77.3417,16.2206,391
77.3583,16.2206,401
77.375,16.2206,397
77.3917,16.2206,401
77.4083,16.2206,395
77.425,16.2206,389
77.4417,16.2206,395
77.4583,16.2206,399
77.475,16.2206,405
77.4917,16.2206,389
77.5083,16.2206,383
77.525,16.2206,381
77.5417,16.2206,393
77.5583,16.2206,407
77.575,16.2206,415
77.5917,16.2206,411
77.6083,16.2206,397
77.625,16.2206,399
77.6417,16.2206,395
77.6583,16.2206,395
77.675,16.2206,373
77.6917,16.2206,365
77.7083,16.2206,359
77.725,16.2206,351
77.7417,16.2206,343
77.7583,16.2206,337
77.775,16.2206,333
77.7917,16.2206,339
77.8083,16.2206,327
77.825,16.2206,315
77.8417,16.2206,313
77.8583,16.2206,305
77.875,16.2206,295
77.8917,16.2206,277
77.9083,16.2206,281
77.925,16.2206,283
77.9417,16.2206,297
77.9583,16.2206,305
77.975,16.2206,315
77.9917,16.2206,315
78.0083,16.2206,325
78.025,16.2206,325
78.0417,16.2206,345
78.0583,16.2206,349
78.075,16.2206,349
78.0917,16.2206,347
78.1083,16.2206,349
78.125,16.2206,361
78.1417,16.2206,375
78.1583,16.2206,375
78.175,16.2206,381
78.1917,16.2206,369
78.2083,16.2206,365
78.225,16.2206,377
78.2417,16.2206,391
78.2583,16.2206,371
78.275,16.2206,397
78.2917,16.2206,367
78.3083,16.2206,355
77.1083,16.2046,407
77.125,16.2046,405
77.1417,16.2046,399
77.1583,16.2046,403
77.175,16.2046,403
77.1917,16.2046,399
77.2083,16.2046,393
77.225,16.2046,391
77.2417,16.2046,395
77.2583,16.2046,393
77.275,16.2046,389
77.2917,16.2046,385
77.3083,16.2046,389
77.325,16.2046,393
77.3417,16.2046,399
77.3583,16.2046,405
77.375,16.2046,417
77.3917,16.2046,411
77.4083,16.2046,401
77.425,16.2046,405
77.4417,16.2046,405
77.4583,16.2046,403
77.475,16.2046,409
77.4917,16.2046,397
77.5083,16.2046,387
77.525,16.2046,391
77.5417,16.2046,405
77.5583,16.2046,413
77.575,16.2046,425
77.5917,16.2046,431
77.6083,16.2046,415
77.625,16.2046,417
77.6417,16.2046,407
77.6583,16.2046,389
77.675,16.2046,377
77.6917,16.2046,369
77.7083,16.2046,365
77.725,16.2046,355
77.7417,16.2046,347
77.7583,16.2046,341
77.775,16.2046,341
77.7917,16.2046,347
77.8083,16.2046,327
77.825,16.2046,317
77.8417,16.2046,321
77.8583,16.2046,309
77.875,16.2046,293
77.8917,16.2046,281
77.9083,16.2046,277
77.925,16.2046,279
77.9417,16.2046,287
77.9583,16.2046,299
77.975,16.2046,305
77.9917,16.2046,315
78.0083,16.2046,315
78.025,16.2046,319
78.0417,16.2046,323
78.0583,16.2046,329
78.075,16.2046,333
78.0917,16.2046,337
78.1083,16.2046,351
78.125,16.2046,367
78.1417,16.2046,369
78.1583,16.2046,363
78.175,16.2046,367
78.1917,16.2046,357
78.2083,16.2046,387
78.225,16.2046,383
78.2417,16.2046,379
78.2583,16.2046,371
78.275,16.2046,359
78.2917,16.2046,357
78.3083,16.2046,349
